	.text
	.syntax unified
	.eabi_attribute	67, "2.09"	@ Tag_conformance
	.cpu	cortex-m4
	.eabi_attribute	6, 13	@ Tag_CPU_arch
	.eabi_attribute	7, 77	@ Tag_CPU_arch_profile
	.eabi_attribute	8, 0	@ Tag_ARM_ISA_use
	.eabi_attribute	9, 2	@ Tag_THUMB_ISA_use
	.fpu	fpv4-sp-d16
	.eabi_attribute	27, 1	@ Tag_ABI_HardFP_use
	.eabi_attribute	36, 1	@ Tag_FP_HP_extension
	.eabi_attribute	34, 1	@ Tag_CPU_unaligned_access
	.eabi_attribute	17, 1	@ Tag_ABI_PCS_GOT_use
	.eabi_attribute	20, 2	@ Tag_ABI_FP_denormal
	.eabi_attribute	21, 0	@ Tag_ABI_FP_exceptions
	.eabi_attribute	23, 1	@ Tag_ABI_FP_number_model
	.eabi_attribute	24, 1	@ Tag_ABI_align_needed
	.eabi_attribute	25, 1	@ Tag_ABI_align_preserved
	.eabi_attribute	28, 1	@ Tag_ABI_VFP_args
	.eabi_attribute	38, 1	@ Tag_ABI_FP_16bit_format
	.eabi_attribute	18, 4	@ Tag_ABI_PCS_wchar_t
	.eabi_attribute	26, 2	@ Tag_ABI_enum_size
	.eabi_attribute	14, 0	@ Tag_ABI_PCS_R9_use
	.file	"main.c"
	.file	1 "C:\\Users\\bhuva" "AppData\\Local\\Keil_v5\\ARM\\ARMCLANG\\bin\\..\\include\\stdint.h"
	.file	2 "C:\\Users\\bhuva\\OneDrive - RMIT University\\Year 4\\Sem 1\\Embedded-System-Design\\Embedded-System-Design-Project" "src/main.c"
	.file	3 "C:\\Users\\bhuva\\OneDrive - RMIT University\\Year 4\\Sem 1\\Embedded-System-Design\\Embedded-System-Design-Project" "./inc\\stm32f439xx.h"
	.file	4 "C:\\Users\\bhuva\\OneDrive - RMIT University\\Year 4\\Sem 1\\Embedded-System-Design\\Embedded-System-Design-Project" "./inc/CMSIS\\core_cm4.h"
	.hidden	delayCycles                     @ -- Begin function delayCycles
	.globl	delayCycles
	.p2align	2
	.type	delayCycles,%function
	.code	16                              @ @delayCycles
	.thumb_func
delayCycles:
.Lfunc_begin0:
	.loc	2 87 0                          @ src/main.c:87:0
	.fnstart
	.cfi_sections .debug_frame
	.cfi_startproc
@ %bb.0:
	.pad	#4
	sub	sp, #4
	.cfi_def_cfa_offset 4
	str	r0, [sp]
.Ltmp0:
	.loc	2 88 5 prologue_end             @ src/main.c:88:5
	b	.LBB0_1
.LBB0_1:                                @ =>This Inner Loop Header: Depth=1
	.loc	2 88 17 is_stmt 0               @ src/main.c:88:17
	ldr	r0, [sp]
	subs	r1, r0, #1
	str	r1, [sp]
	.loc	2 88 5                          @ src/main.c:88:5
	cbz	r0, .LBB0_3
	b	.LBB0_2
.LBB0_2:                                @   in Loop: Header=BB0_1 Depth=1
.Ltmp1:
	.loc	2 90 9 is_stmt 1                @ src/main.c:90:9
	nop
.Ltmp2:
	.loc	2 88 5                          @ src/main.c:88:5
	b	.LBB0_1
.LBB0_3:
	.loc	2 92 1 epilogue_begin           @ src/main.c:92:1
	add	sp, #4
	bx	lr
.Ltmp3:
.Lfunc_end0:
	.size	delayCycles, .Lfunc_end0-delayCycles
	.cfi_endproc
	.cantunwind
	.fnend
                                        @ -- End function
	.hidden	RCC_init                        @ -- Begin function RCC_init
	.globl	RCC_init
	.p2align	2
	.type	RCC_init,%function
	.code	16                              @ @RCC_init
	.thumb_func
RCC_init:
.Lfunc_begin1:
	.loc	2 97 0                          @ src/main.c:97:0
	.fnstart
	.cfi_startproc
@ %bb.0:
	.save	{r7, lr}
	push	{r7, lr}
	.cfi_def_cfa_offset 8
	.cfi_offset lr, -4
	.cfi_offset r7, -8
	.pad	#8
	sub	sp, #8
	.cfi_def_cfa_offset 16
	movw	r1, #14384
	movt	r1, #16386
.Ltmp4:
	.loc	2 99 18 prologue_end            @ src/main.c:99:18
	ldr	r0, [r1]
	orr	r0, r0, #35
	str	r0, [r1]
	movw	r1, #14400
	movt	r1, #16386
	.loc	2 102 18                        @ src/main.c:102:18
	ldr	r0, [r1]
	movs	r2, #16
	movt	r2, #4
	orrs	r0, r2
	str	r0, [r1]
	movw	r1, #14352
	movt	r1, #16386
	.loc	2 105 19                        @ src/main.c:105:19
	str	r1, [sp, #4]                    @ 4-byte Spill
	ldr	r0, [r1]
	orr	r0, r0, #35
	str	r0, [r1]
	movs	r0, #10
	.loc	2 106 5                         @ src/main.c:106:5
	bl	delayCycles
	ldr	r1, [sp, #4]                    @ 4-byte Reload
	.loc	2 107 19                        @ src/main.c:107:19
	ldr	r0, [r1]
	bic	r0, r0, #35
	str	r0, [r1]
	.loc	2 108 1 epilogue_begin          @ src/main.c:108:1
	add	sp, #8
	pop	{r7, pc}
.Ltmp5:
.Lfunc_end1:
	.size	RCC_init, .Lfunc_end1-RCC_init
	.cfi_endproc
	.cantunwind
	.fnend
                                        @ -- End function
	.hidden	initOutputPin                   @ -- Begin function initOutputPin
	.globl	initOutputPin
	.p2align	2
	.type	initOutputPin,%function
	.code	16                              @ @initOutputPin
	.thumb_func
initOutputPin:
.Lfunc_begin2:
	.loc	2 112 0                         @ src/main.c:112:0
	.fnstart
	.cfi_startproc
@ %bb.0:
	.pad	#8
	sub	sp, #8
	.cfi_def_cfa_offset 8
                                        @ kill: def $r2 killed $r1
	str	r0, [sp, #4]
	strb.w	r1, [sp, #3]
.Ltmp6:
	.loc	2 114 31 prologue_end           @ src/main.c:114:31
	ldrb.w	r0, [sp, #3]
	.loc	2 114 35 is_stmt 0              @ src/main.c:114:35
	lsls	r0, r0, #1
	movs	r1, #3
	.loc	2 114 27                        @ src/main.c:114:27
	lsl.w	r3, r1, r0
	.loc	2 114 5                         @ src/main.c:114:5
	ldr	r2, [sp, #4]
	.loc	2 114 17                        @ src/main.c:114:17
	ldr	r0, [r2]
	bics	r0, r3
	str	r0, [r2]
	.loc	2 115 31 is_stmt 1              @ src/main.c:115:31
	ldrb.w	r0, [sp, #3]
	.loc	2 115 35 is_stmt 0              @ src/main.c:115:35
	lsls	r2, r0, #1
	movs	r0, #1
	.loc	2 115 27                        @ src/main.c:115:27
	lsl.w	r12, r0, r2
	.loc	2 115 5                         @ src/main.c:115:5
	ldr	r3, [sp, #4]
	.loc	2 115 17                        @ src/main.c:115:17
	ldr	r2, [r3]
	orr.w	r2, r2, r12
	str	r2, [r3]
	.loc	2 118 29 is_stmt 1              @ src/main.c:118:29
	ldrb.w	r2, [sp, #3]
	.loc	2 118 26 is_stmt 0              @ src/main.c:118:26
	lsl.w	r12, r0, r2
	.loc	2 118 5                         @ src/main.c:118:5
	ldr	r3, [sp, #4]
	.loc	2 118 18                        @ src/main.c:118:18
	ldr	r2, [r3, #4]
	bic.w	r2, r2, r12
	str	r2, [r3, #4]
	.loc	2 121 31 is_stmt 1              @ src/main.c:121:31
	ldrb.w	r2, [sp, #3]
	.loc	2 121 35 is_stmt 0              @ src/main.c:121:35
	lsls	r2, r2, #1
	.loc	2 121 27                        @ src/main.c:121:27
	lsl.w	r3, r1, r2
	.loc	2 121 5                         @ src/main.c:121:5
	ldr	r2, [sp, #4]
	.loc	2 121 17                        @ src/main.c:121:17
	ldr	r1, [r2, #12]
	bics	r1, r3
	str	r1, [r2, #12]
	.loc	2 124 26 is_stmt 1              @ src/main.c:124:26
	ldrb.w	r1, [sp, #3]
	.loc	2 124 23 is_stmt 0              @ src/main.c:124:23
	lsl.w	r2, r0, r1
	.loc	2 124 5                         @ src/main.c:124:5
	ldr	r1, [sp, #4]
	.loc	2 124 15                        @ src/main.c:124:15
	ldr	r0, [r1, #20]
	bics	r0, r2
	str	r0, [r1, #20]
	.loc	2 125 1 epilogue_begin is_stmt 1 @ src/main.c:125:1
	add	sp, #8
	bx	lr
.Ltmp7:
.Lfunc_end2:
	.size	initOutputPin, .Lfunc_end2-initOutputPin
	.cfi_endproc
	.cantunwind
	.fnend
                                        @ -- End function
	.hidden	initInputPin                    @ -- Begin function initInputPin
	.globl	initInputPin
	.p2align	2
	.type	initInputPin,%function
	.code	16                              @ @initInputPin
	.thumb_func
initInputPin:
.Lfunc_begin3:
	.loc	2 128 0                         @ src/main.c:128:0
	.fnstart
	.cfi_startproc
@ %bb.0:
	.pad	#8
	sub	sp, #8
	.cfi_def_cfa_offset 8
                                        @ kill: def $r2 killed $r1
	str	r0, [sp, #4]
	strb.w	r1, [sp, #3]
.Ltmp8:
	.loc	2 130 31 prologue_end           @ src/main.c:130:31
	ldrb.w	r0, [sp, #3]
	.loc	2 130 35 is_stmt 0              @ src/main.c:130:35
	lsls	r1, r0, #1
	movs	r0, #3
	.loc	2 130 27                        @ src/main.c:130:27
	lsl.w	r3, r0, r1
	.loc	2 130 5                         @ src/main.c:130:5
	ldr	r2, [sp, #4]
	.loc	2 130 17                        @ src/main.c:130:17
	ldr	r1, [r2]
	bics	r1, r3
	str	r1, [r2]
	.loc	2 133 31 is_stmt 1              @ src/main.c:133:31
	ldrb.w	r1, [sp, #3]
	.loc	2 133 35 is_stmt 0              @ src/main.c:133:35
	lsls	r1, r1, #1
	.loc	2 133 27                        @ src/main.c:133:27
	lsl.w	r2, r0, r1
	.loc	2 133 5                         @ src/main.c:133:5
	ldr	r1, [sp, #4]
	.loc	2 133 17                        @ src/main.c:133:17
	ldr	r0, [r1, #12]
	bics	r0, r2
	str	r0, [r1, #12]
	.loc	2 134 1 epilogue_begin is_stmt 1 @ src/main.c:134:1
	add	sp, #8
	bx	lr
.Ltmp9:
.Lfunc_end3:
	.size	initInputPin, .Lfunc_end3-initInputPin
	.cfi_endproc
	.cantunwind
	.fnend
                                        @ -- End function
	.hidden	initAnalogPin                   @ -- Begin function initAnalogPin
	.globl	initAnalogPin
	.p2align	2
	.type	initAnalogPin,%function
	.code	16                              @ @initAnalogPin
	.thumb_func
initAnalogPin:
.Lfunc_begin4:
	.loc	2 137 0                         @ src/main.c:137:0
	.fnstart
	.cfi_startproc
@ %bb.0:
	.pad	#8
	sub	sp, #8
	.cfi_def_cfa_offset 8
                                        @ kill: def $r2 killed $r1
	str	r0, [sp, #4]
	strb.w	r1, [sp, #3]
.Ltmp10:
	.loc	2 139 31 prologue_end           @ src/main.c:139:31
	ldrb.w	r0, [sp, #3]
	.loc	2 139 35 is_stmt 0              @ src/main.c:139:35
	lsls	r1, r0, #1
	movs	r0, #3
	.loc	2 139 27                        @ src/main.c:139:27
	lsl.w	r3, r0, r1
	.loc	2 139 5                         @ src/main.c:139:5
	ldr	r2, [sp, #4]
	.loc	2 139 17                        @ src/main.c:139:17
	ldr	r1, [r2]
	bics	r1, r3
	str	r1, [r2]
	.loc	2 140 31 is_stmt 1              @ src/main.c:140:31
	ldrb.w	r1, [sp, #3]
	.loc	2 140 35 is_stmt 0              @ src/main.c:140:35
	lsls	r1, r1, #1
	.loc	2 140 27                        @ src/main.c:140:27
	lsl.w	r3, r0, r1
	.loc	2 140 5                         @ src/main.c:140:5
	ldr	r2, [sp, #4]
	.loc	2 140 17                        @ src/main.c:140:17
	ldr	r1, [r2]
	orrs	r1, r3
	str	r1, [r2]
	.loc	2 143 31 is_stmt 1              @ src/main.c:143:31
	ldrb.w	r1, [sp, #3]
	.loc	2 143 35 is_stmt 0              @ src/main.c:143:35
	lsls	r1, r1, #1
	.loc	2 143 27                        @ src/main.c:143:27
	lsl.w	r2, r0, r1
	.loc	2 143 5                         @ src/main.c:143:5
	ldr	r1, [sp, #4]
	.loc	2 143 17                        @ src/main.c:143:17
	ldr	r0, [r1, #12]
	bics	r0, r2
	str	r0, [r1, #12]
	.loc	2 144 1 epilogue_begin is_stmt 1 @ src/main.c:144:1
	add	sp, #8
	bx	lr
.Ltmp11:
.Lfunc_end4:
	.size	initAnalogPin, .Lfunc_end4-initAnalogPin
	.cfi_endproc
	.cantunwind
	.fnend
                                        @ -- End function
	.hidden	GPIO_init                       @ -- Begin function GPIO_init
	.globl	GPIO_init
	.p2align	2
	.type	GPIO_init,%function
	.code	16                              @ @GPIO_init
	.thumb_func
GPIO_init:
.Lfunc_begin5:
	.loc	2 147 0                         @ src/main.c:147:0
	.fnstart
	.cfi_startproc
@ %bb.0:
	.save	{r7, lr}
	push	{r7, lr}
	.cfi_def_cfa_offset 8
	.cfi_offset lr, -4
	.cfi_offset r7, -8
	.pad	#24
	sub	sp, #24
	.cfi_def_cfa_offset 32
	movs	r0, #0
	movt	r0, #16386
	str	r0, [sp, #12]                   @ 4-byte Spill
	movs	r1, #10
.Ltmp12:
	.loc	2 148 5 prologue_end            @ src/main.c:148:5
	str	r1, [sp, #20]                   @ 4-byte Spill
	bl	initInputPin
	ldr	r0, [sp, #12]                   @ 4-byte Reload
	movs	r1, #8
	.loc	2 149 5                         @ src/main.c:149:5
	str	r1, [sp, #4]                    @ 4-byte Spill
	bl	initInputPin
	movw	r0, #1024
	movt	r0, #16386
	str	r0, [sp, #8]                    @ 4-byte Spill
	movs	r1, #0
	.loc	2 150 5                         @ src/main.c:150:5
	bl	initInputPin
	ldr	r1, [sp, #4]                    @ 4-byte Reload
	movw	r0, #5120
	movt	r0, #16386
	.loc	2 152 5                         @ src/main.c:152:5
	str	r0, [sp, #16]                   @ 4-byte Spill
	bl	initOutputPin
	ldr	r1, [sp, #4]                    @ 4-byte Reload
	ldr	r0, [sp, #8]                    @ 4-byte Reload
	.loc	2 153 5                         @ src/main.c:153:5
	bl	initOutputPin
	ldr	r0, [sp, #8]                    @ 4-byte Reload
	movs	r1, #1
	.loc	2 154 5                         @ src/main.c:154:5
	bl	initOutputPin
	ldr	r0, [sp, #12]                   @ 4-byte Reload
	movs	r1, #9
	.loc	2 155 5                         @ src/main.c:155:5
	bl	initOutputPin
	ldr	r0, [sp, #16]                   @ 4-byte Reload
	ldr	r1, [sp, #20]                   @ 4-byte Reload
	.loc	2 157 5                         @ src/main.c:157:5
	bl	initAnalogPin
	.loc	2 158 1 epilogue_begin          @ src/main.c:158:1
	add	sp, #24
	pop	{r7, pc}
.Ltmp13:
.Lfunc_end5:
	.size	GPIO_init, .Lfunc_end5-GPIO_init
	.cfi_endproc
	.cantunwind
	.fnend
                                        @ -- End function
	.hidden	outputOn                        @ -- Begin function outputOn
	.globl	outputOn
	.p2align	2
	.type	outputOn,%function
	.code	16                              @ @outputOn
	.thumb_func
outputOn:
.Lfunc_begin6:
	.loc	2 161 0                         @ src/main.c:161:0
	.fnstart
	.cfi_startproc
@ %bb.0:
	.pad	#8
	sub	sp, #8
	.cfi_def_cfa_offset 8
                                        @ kill: def $r2 killed $r1
	str	r0, [sp, #4]
	strb.w	r1, [sp, #3]
.Ltmp14:
	.loc	2 162 26 prologue_end           @ src/main.c:162:26
	ldrb.w	r1, [sp, #3]
	movs	r0, #1
	.loc	2 162 23 is_stmt 0              @ src/main.c:162:23
	lsl.w	r2, r0, r1
	.loc	2 162 5                         @ src/main.c:162:5
	ldr	r1, [sp, #4]
	.loc	2 162 15                        @ src/main.c:162:15
	ldr	r0, [r1, #20]
	bics	r0, r2
	str	r0, [r1, #20]
	.loc	2 163 1 epilogue_begin is_stmt 1 @ src/main.c:163:1
	add	sp, #8
	bx	lr
.Ltmp15:
.Lfunc_end6:
	.size	outputOn, .Lfunc_end6-outputOn
	.cfi_endproc
	.cantunwind
	.fnend
                                        @ -- End function
	.hidden	outputOff                       @ -- Begin function outputOff
	.globl	outputOff
	.p2align	2
	.type	outputOff,%function
	.code	16                              @ @outputOff
	.thumb_func
outputOff:
.Lfunc_begin7:
	.loc	2 166 0                         @ src/main.c:166:0
	.fnstart
	.cfi_startproc
@ %bb.0:
	.pad	#8
	sub	sp, #8
	.cfi_def_cfa_offset 8
                                        @ kill: def $r2 killed $r1
	str	r0, [sp, #4]
	strb.w	r1, [sp, #3]
.Ltmp16:
	.loc	2 167 25 prologue_end           @ src/main.c:167:25
	ldrb.w	r1, [sp, #3]
	movs	r0, #1
	.loc	2 167 22 is_stmt 0              @ src/main.c:167:22
	lsl.w	r2, r0, r1
	.loc	2 167 5                         @ src/main.c:167:5
	ldr	r1, [sp, #4]
	.loc	2 167 15                        @ src/main.c:167:15
	ldr	r0, [r1, #20]
	orrs	r0, r2
	str	r0, [r1, #20]
	.loc	2 168 1 epilogue_begin is_stmt 1 @ src/main.c:168:1
	add	sp, #8
	bx	lr
.Ltmp17:
.Lfunc_end7:
	.size	outputOff, .Lfunc_end7-outputOff
	.cfi_endproc
	.cantunwind
	.fnend
                                        @ -- End function
	.hidden	ledToggle                       @ -- Begin function ledToggle
	.globl	ledToggle
	.p2align	2
	.type	ledToggle,%function
	.code	16                              @ @ledToggle
	.thumb_func
ledToggle:
.Lfunc_begin8:
	.loc	2 171 0                         @ src/main.c:171:0
	.fnstart
	.cfi_startproc
@ %bb.0:
	.pad	#8
	sub	sp, #8
	.cfi_def_cfa_offset 8
                                        @ kill: def $r2 killed $r1
	str	r0, [sp, #4]
	strb.w	r1, [sp, #3]
.Ltmp18:
	.loc	2 172 25 prologue_end           @ src/main.c:172:25
	ldrb.w	r1, [sp, #3]
	movs	r0, #1
	.loc	2 172 22 is_stmt 0              @ src/main.c:172:22
	lsl.w	r2, r0, r1
	.loc	2 172 5                         @ src/main.c:172:5
	ldr	r1, [sp, #4]
	.loc	2 172 15                        @ src/main.c:172:15
	ldr	r0, [r1, #20]
	eors	r0, r2
	str	r0, [r1, #20]
	.loc	2 173 1 epilogue_begin is_stmt 1 @ src/main.c:173:1
	add	sp, #8
	bx	lr
.Ltmp19:
.Lfunc_end8:
	.size	ledToggle, .Lfunc_end8-ledToggle
	.cfi_endproc
	.cantunwind
	.fnend
                                        @ -- End function
	.hidden	updateOutputs                   @ -- Begin function updateOutputs
	.globl	updateOutputs
	.p2align	2
	.type	updateOutputs,%function
	.code	16                              @ @updateOutputs
	.thumb_func
updateOutputs:
.Lfunc_begin9:
	.loc	2 176 0                         @ src/main.c:176:0
	.fnstart
	.cfi_startproc
@ %bb.0:
	.save	{r7, lr}
	push	{r7, lr}
	.cfi_def_cfa_offset 8
	.cfi_offset lr, -4
	.cfi_offset r7, -8
.Ltmp20:
	.loc	2 177 9 prologue_end            @ src/main.c:177:9
	movw	r0, :lower16:lightOutput
	movt	r0, :upper16:lightOutput
	ldrb	r0, [r0]
.Ltmp21:
	.loc	2 177 9 is_stmt 0               @ src/main.c:177:9
	cbz	r0, .LBB9_2
	b	.LBB9_1
.LBB9_1:
	.loc	2 0 9                           @ src/main.c:0:9
	movs	r0, #0
	movt	r0, #16386
	movs	r1, #9
.Ltmp22:
	.loc	2 178 9 is_stmt 1               @ src/main.c:178:9
	bl	outputOn
	b	.LBB9_3
.LBB9_2:
	.loc	2 0 9 is_stmt 0                 @ src/main.c:0:9
	movs	r0, #0
	movt	r0, #16386
	movs	r1, #9
	.loc	2 180 9 is_stmt 1               @ src/main.c:180:9
	bl	outputOff
	b	.LBB9_3
.Ltmp23:
.LBB9_3:
	.loc	2 182 9                         @ src/main.c:182:9
	movw	r0, :lower16:heaterOutput
	movt	r0, :upper16:heaterOutput
	ldrb	r0, [r0]
.Ltmp24:
	.loc	2 182 9 is_stmt 0               @ src/main.c:182:9
	cbz	r0, .LBB9_5
	b	.LBB9_4
.LBB9_4:
	.loc	2 0 9                           @ src/main.c:0:9
	movw	r0, #5120
	movt	r0, #16386
	movs	r1, #8
.Ltmp25:
	.loc	2 183 9 is_stmt 1               @ src/main.c:183:9
	bl	outputOn
	b	.LBB9_6
.LBB9_5:
	.loc	2 0 9 is_stmt 0                 @ src/main.c:0:9
	movw	r0, #5120
	movt	r0, #16386
	movs	r1, #8
	.loc	2 185 9 is_stmt 1               @ src/main.c:185:9
	bl	outputOff
	b	.LBB9_6
.Ltmp26:
.LBB9_6:
	.loc	2 187 9                         @ src/main.c:187:9
	movw	r0, :lower16:coolingOutput
	movt	r0, :upper16:coolingOutput
	ldrb	r0, [r0]
.Ltmp27:
	.loc	2 187 9 is_stmt 0               @ src/main.c:187:9
	cbz	r0, .LBB9_8
	b	.LBB9_7
.LBB9_7:
	.loc	2 0 9                           @ src/main.c:0:9
	movw	r0, #1024
	movt	r0, #16386
	movs	r1, #8
.Ltmp28:
	.loc	2 188 9 is_stmt 1               @ src/main.c:188:9
	bl	outputOn
	b	.LBB9_9
.LBB9_8:
	.loc	2 0 9 is_stmt 0                 @ src/main.c:0:9
	movw	r0, #1024
	movt	r0, #16386
	movs	r1, #8
	.loc	2 190 9 is_stmt 1               @ src/main.c:190:9
	bl	outputOff
	b	.LBB9_9
.Ltmp29:
.LBB9_9:
	.loc	2 192 9                         @ src/main.c:192:9
	movw	r0, :lower16:fanOutput
	movt	r0, :upper16:fanOutput
	ldrb	r0, [r0]
.Ltmp30:
	.loc	2 192 9 is_stmt 0               @ src/main.c:192:9
	cbz	r0, .LBB9_11
	b	.LBB9_10
.LBB9_10:
	.loc	2 0 9                           @ src/main.c:0:9
	movw	r0, #1024
	movt	r0, #16386
	movs	r1, #1
.Ltmp31:
	.loc	2 193 9 is_stmt 1               @ src/main.c:193:9
	bl	outputOn
	b	.LBB9_12
.LBB9_11:
	.loc	2 0 9 is_stmt 0                 @ src/main.c:0:9
	movw	r0, #1024
	movt	r0, #16386
	movs	r1, #1
	.loc	2 195 9 is_stmt 1               @ src/main.c:195:9
	bl	outputOff
	b	.LBB9_12
.Ltmp32:
.LBB9_12:
	.loc	2 196 1 epilogue_begin          @ src/main.c:196:1
	pop	{r7, pc}
.Ltmp33:
.Lfunc_end9:
	.size	updateOutputs, .Lfunc_end9-updateOutputs
	.cfi_endproc
	.cantunwind
	.fnend
                                        @ -- End function
	.hidden	TIM6_stop                       @ -- Begin function TIM6_stop
	.globl	TIM6_stop
	.p2align	2
	.type	TIM6_stop,%function
	.code	16                              @ @TIM6_stop
	.thumb_func
TIM6_stop:
.Lfunc_begin10:
	.loc	2 200 0                         @ src/main.c:200:0
	.fnstart
	.cfi_startproc
@ %bb.0:
	movw	r1, #4096
	movt	r1, #16384
.Ltmp34:
	.loc	2 201 15 prologue_end           @ src/main.c:201:15
	ldr	r0, [r1]
	bic	r0, r0, #1
	str	r0, [r1]
	.loc	2 202 1                         @ src/main.c:202:1
	bx	lr
.Ltmp35:
.Lfunc_end10:
	.size	TIM6_stop, .Lfunc_end10-TIM6_stop
	.cfi_endproc
	.cantunwind
	.fnend
                                        @ -- End function
	.hidden	TIM6_initForStatusLogging       @ -- Begin function TIM6_initForStatusLogging
	.globl	TIM6_initForStatusLogging
	.p2align	2
	.type	TIM6_initForStatusLogging,%function
	.code	16                              @ @TIM6_initForStatusLogging
	.thumb_func
TIM6_initForStatusLogging:
.Lfunc_begin11:
	.loc	2 205 0                         @ src/main.c:205:0
	.fnstart
	.cfi_startproc
@ %bb.0:
	movw	r1, #4096
	movt	r1, #16384
	movs	r0, #0
.Ltmp36:
	.loc	2 206 15 prologue_end           @ src/main.c:206:15
	str	r0, [r1]
	movw	r3, #4136
	movt	r3, #16384
	movw	r2, #8399
	.loc	2 207 15                        @ src/main.c:207:15
	str	r2, [r3]
	movw	r3, #4140
	movt	r3, #16384
	movw	r2, #39999
	.loc	2 208 15                        @ src/main.c:208:15
	str	r2, [r3]
	movw	r2, #4132
	movt	r2, #16384
	.loc	2 209 15                        @ src/main.c:209:15
	str	r0, [r2]
	movw	r2, #4112
	movt	r2, #16384
	.loc	2 211 14                        @ src/main.c:211:14
	ldr	r0, [r2]
	bic	r0, r0, #1
	str	r0, [r2]
	.loc	2 212 15                        @ src/main.c:212:15
	ldr	r0, [r1]
	orr	r0, r0, #1
	str	r0, [r1]
	.loc	2 213 1                         @ src/main.c:213:1
	bx	lr
.Ltmp37:
.Lfunc_end11:
	.size	TIM6_initForStatusLogging, .Lfunc_end11-TIM6_initForStatusLogging
	.cfi_endproc
	.cantunwind
	.fnend
                                        @ -- End function
	.hidden	TIM6_has4SecondsPassed          @ -- Begin function TIM6_has4SecondsPassed
	.globl	TIM6_has4SecondsPassed
	.p2align	2
	.type	TIM6_has4SecondsPassed,%function
	.code	16                              @ @TIM6_has4SecondsPassed
	.thumb_func
TIM6_has4SecondsPassed:
.Lfunc_begin12:
	.loc	2 216 0                         @ src/main.c:216:0
	.fnstart
	.cfi_startproc
@ %bb.0:
	.pad	#4
	sub	sp, #4
	.cfi_def_cfa_offset 4
	movw	r0, #4112
	movt	r0, #16384
.Ltmp38:
	.loc	2 217 15 prologue_end           @ src/main.c:217:15
	ldr	r0, [r0]
.Ltmp39:
	.loc	2 217 9 is_stmt 0               @ src/main.c:217:9
	lsls	r0, r0, #31
	cbz	r0, .LBB12_2
	b	.LBB12_1
.LBB12_1:
	.loc	2 0 9                           @ src/main.c:0:9
	movw	r1, #4112
	movt	r1, #16384
.Ltmp40:
	.loc	2 219 18 is_stmt 1              @ src/main.c:219:18
	ldr	r0, [r1]
	bic	r0, r0, #1
	str	r0, [r1]
	movs	r0, #1
	.loc	2 220 9                         @ src/main.c:220:9
	strb.w	r0, [sp, #3]
	b	.LBB12_3
.Ltmp41:
.LBB12_2:
	.loc	2 0 9 is_stmt 0                 @ src/main.c:0:9
	movs	r0, #0
	.loc	2 223 5 is_stmt 1               @ src/main.c:223:5
	strb.w	r0, [sp, #3]
	b	.LBB12_3
.LBB12_3:
	.loc	2 224 1                         @ src/main.c:224:1
	ldrb.w	r0, [sp, #3]
	.loc	2 224 1 epilogue_begin is_stmt 0 @ src/main.c:224:1
	add	sp, #4
	bx	lr
.Ltmp42:
.Lfunc_end12:
	.size	TIM6_has4SecondsPassed, .Lfunc_end12-TIM6_has4SecondsPassed
	.cfi_endproc
	.cantunwind
	.fnend
                                        @ -- End function
	.hidden	USART3_init                     @ -- Begin function USART3_init
	.globl	USART3_init
	.p2align	2
	.type	USART3_init,%function
	.code	16                              @ @USART3_init
	.thumb_func
USART3_init:
.Lfunc_begin13:
	.loc	2 228 0 is_stmt 1               @ src/main.c:228:0
	.fnstart
	.cfi_startproc
@ %bb.0:
	movw	r1, #1024
	movt	r1, #16386
.Ltmp43:
	.loc	2 232 18 prologue_end           @ src/main.c:232:18
	ldr	r0, [r1]
	bic	r0, r0, #15728640
	str	r0, [r1]
	.loc	2 233 18                        @ src/main.c:233:18
	ldr	r0, [r1]
	orr	r0, r0, #10485760
	str	r0, [r1]
	movw	r1, #1028
	movt	r1, #16386
	.loc	2 236 19                        @ src/main.c:236:19
	ldr	r0, [r1]
	bic	r0, r0, #3072
	str	r0, [r1]
	movw	r1, #1036
	movt	r1, #16386
	.loc	2 239 18                        @ src/main.c:239:18
	ldr	r0, [r1]
	bic	r0, r0, #15728640
	str	r0, [r1]
	movw	r1, #1060
	movt	r1, #16386
	.loc	2 242 19                        @ src/main.c:242:19
	ldr	r0, [r1]
	bic	r0, r0, #65280
	str	r0, [r1]
	.loc	2 243 19                        @ src/main.c:243:19
	ldr	r0, [r1]
	orr	r0, r0, #30464
	str	r0, [r1]
	movw	r1, #18444
	movt	r1, #16384
	movs	r0, #0
	.loc	2 246 17                        @ src/main.c:246:17
	str	r0, [r1]
	movw	r2, #18448
	movt	r2, #16384
	.loc	2 247 17                        @ src/main.c:247:17
	str	r0, [r2]
	movw	r3, #18452
	movt	r3, #16384
	.loc	2 248 17                        @ src/main.c:248:17
	str	r0, [r3]
	movw	r3, #18440
	movt	r3, #16384
	movw	r0, #729
	.loc	2 251 17                        @ src/main.c:251:17
	str	r0, [r3]
	.loc	2 253 17                        @ src/main.c:253:17
	ldr	r0, [r1]
	orr	r0, r0, #4096
	str	r0, [r1]
	.loc	2 254 17                        @ src/main.c:254:17
	ldr	r0, [r1]
	orr	r0, r0, #1024
	str	r0, [r1]
	.loc	2 255 17                        @ src/main.c:255:17
	ldr	r0, [r1]
	orr	r0, r0, #512
	str	r0, [r1]
	.loc	2 257 17                        @ src/main.c:257:17
	ldr	r0, [r1]
	orr	r0, r0, #12
	str	r0, [r1]
	.loc	2 258 17                        @ src/main.c:258:17
	ldr	r0, [r2]
	bic	r0, r0, #12288
	str	r0, [r2]
	.loc	2 259 17                        @ src/main.c:259:17
	ldr	r0, [r1]
	orr	r0, r0, #8192
	str	r0, [r1]
	.loc	2 260 1                         @ src/main.c:260:1
	bx	lr
.Ltmp44:
.Lfunc_end13:
	.size	USART3_init, .Lfunc_end13-USART3_init
	.cfi_endproc
	.cantunwind
	.fnend
                                        @ -- End function
	.hidden	USART3_writeChar                @ -- Begin function USART3_writeChar
	.globl	USART3_writeChar
	.p2align	2
	.type	USART3_writeChar,%function
	.code	16                              @ @USART3_writeChar
	.thumb_func
USART3_writeChar:
.Lfunc_begin14:
	.loc	2 263 0                         @ src/main.c:263:0
	.fnstart
	.cfi_startproc
@ %bb.0:
	.pad	#4
	sub	sp, #4
	.cfi_def_cfa_offset 4
                                        @ kill: def $r1 killed $r0
	strb.w	r0, [sp, #3]
.Ltmp45:
	.loc	2 264 5 prologue_end            @ src/main.c:264:5
	b	.LBB14_1
.LBB14_1:                               @ =>This Inner Loop Header: Depth=1
	.loc	2 0 5 is_stmt 0                 @ src/main.c:0:5
	movw	r0, #18432
	movt	r0, #16384
	.loc	2 264 21                        @ src/main.c:264:21
	ldr	r0, [r0]
	.loc	2 264 5                         @ src/main.c:264:5
	lsls	r0, r0, #24
	cmp	r0, #0
	bmi	.LBB14_3
	b	.LBB14_2
.LBB14_2:                               @   in Loop: Header=BB14_1 Depth=1
	b	.LBB14_1
.LBB14_3:
	.loc	2 267 27 is_stmt 1              @ src/main.c:267:27
	ldrb.w	r0, [sp, #3]
	movw	r1, #18436
	movt	r1, #16384
	.loc	2 267 16 is_stmt 0              @ src/main.c:267:16
	str	r0, [r1]
	.loc	2 268 1 epilogue_begin is_stmt 1 @ src/main.c:268:1
	add	sp, #4
	bx	lr
.Ltmp46:
.Lfunc_end14:
	.size	USART3_writeChar, .Lfunc_end14-USART3_writeChar
	.cfi_endproc
	.cantunwind
	.fnend
                                        @ -- End function
	.hidden	USART3_writeString              @ -- Begin function USART3_writeString
	.globl	USART3_writeString
	.p2align	2
	.type	USART3_writeString,%function
	.code	16                              @ @USART3_writeString
	.thumb_func
USART3_writeString:
.Lfunc_begin15:
	.loc	2 271 0                         @ src/main.c:271:0
	.fnstart
	.cfi_startproc
@ %bb.0:
	.save	{r7, lr}
	push	{r7, lr}
	.cfi_def_cfa_offset 8
	.cfi_offset lr, -4
	.cfi_offset r7, -8
	.pad	#8
	sub	sp, #8
	.cfi_def_cfa_offset 16
	str	r0, [sp, #4]
.Ltmp47:
	.loc	2 272 5 prologue_end            @ src/main.c:272:5
	b	.LBB15_1
.LBB15_1:                               @ =>This Inner Loop Header: Depth=1
	.loc	2 272 13 is_stmt 0              @ src/main.c:272:13
	ldr	r0, [sp, #4]
	.loc	2 272 12                        @ src/main.c:272:12
	ldrb	r0, [r0]
	.loc	2 272 5                         @ src/main.c:272:5
	cbz	r0, .LBB15_3
	b	.LBB15_2
.LBB15_2:                               @   in Loop: Header=BB15_1 Depth=1
.Ltmp48:
	.loc	2 274 28 is_stmt 1              @ src/main.c:274:28
	ldr	r0, [sp, #4]
	adds	r1, r0, #1
	str	r1, [sp, #4]
	.loc	2 274 26 is_stmt 0              @ src/main.c:274:26
	ldrb	r0, [r0]
	.loc	2 274 9                         @ src/main.c:274:9
	bl	USART3_writeChar
.Ltmp49:
	.loc	2 272 5 is_stmt 1               @ src/main.c:272:5
	b	.LBB15_1
.LBB15_3:
	.loc	2 276 1 epilogue_begin          @ src/main.c:276:1
	add	sp, #8
	pop	{r7, pc}
.Ltmp50:
.Lfunc_end15:
	.size	USART3_writeString, .Lfunc_end15-USART3_writeString
	.cfi_endproc
	.cantunwind
	.fnend
                                        @ -- End function
	.hidden	USART3_readCharNonBlocking      @ -- Begin function USART3_readCharNonBlocking
	.globl	USART3_readCharNonBlocking
	.p2align	2
	.type	USART3_readCharNonBlocking,%function
	.code	16                              @ @USART3_readCharNonBlocking
	.thumb_func
USART3_readCharNonBlocking:
.Lfunc_begin16:
	.loc	2 279 0                         @ src/main.c:279:0
	.fnstart
	.cfi_startproc
@ %bb.0:
	.pad	#8
	sub	sp, #8
	.cfi_def_cfa_offset 8
	str	r0, [sp]
	movw	r0, #18432
	movt	r0, #16384
.Ltmp51:
	.loc	2 280 17 prologue_end           @ src/main.c:280:17
	ldr	r0, [r0]
.Ltmp52:
	.loc	2 280 9 is_stmt 0               @ src/main.c:280:9
	lsls	r0, r0, #26
	cmp	r0, #0
	bpl	.LBB16_2
	b	.LBB16_1
.LBB16_1:
	.loc	2 0 9                           @ src/main.c:0:9
	movw	r0, #18436
	movt	r0, #16384
.Ltmp53:
	.loc	2 282 29 is_stmt 1              @ src/main.c:282:29
	ldr	r0, [r0]
	.loc	2 282 10 is_stmt 0              @ src/main.c:282:10
	ldr	r1, [sp]
	.loc	2 282 12                        @ src/main.c:282:12
	strb	r0, [r1]
	movs	r0, #1
	.loc	2 283 9 is_stmt 1               @ src/main.c:283:9
	strb.w	r0, [sp, #7]
	b	.LBB16_3
.Ltmp54:
.LBB16_2:
	.loc	2 0 9 is_stmt 0                 @ src/main.c:0:9
	movs	r0, #0
	.loc	2 285 5 is_stmt 1               @ src/main.c:285:5
	strb.w	r0, [sp, #7]
	b	.LBB16_3
.LBB16_3:
	.loc	2 286 1                         @ src/main.c:286:1
	ldrb.w	r0, [sp, #7]
	.loc	2 286 1 epilogue_begin is_stmt 0 @ src/main.c:286:1
	add	sp, #8
	bx	lr
.Ltmp55:
.Lfunc_end16:
	.size	USART3_readCharNonBlocking, .Lfunc_end16-USART3_readCharNonBlocking
	.cfi_endproc
	.cantunwind
	.fnend
                                        @ -- End function
	.hidden	ADC_init                        @ -- Begin function ADC_init
	.globl	ADC_init
	.p2align	2
	.type	ADC_init,%function
	.code	16                              @ @ADC_init
	.thumb_func
ADC_init:
.Lfunc_begin17:
	.loc	2 291 0 is_stmt 1               @ src/main.c:291:0
	.fnstart
	.cfi_startproc
@ %bb.0:
	.save	{r7, lr}
	push	{r7, lr}
	.cfi_def_cfa_offset 8
	.cfi_offset lr, -4
	.cfi_offset r7, -8
	movw	r1, #14404
	movt	r1, #16386
.Ltmp56:
	.loc	2 293 18 prologue_end           @ src/main.c:293:18
	ldr	r0, [r1]
	orr	r0, r0, #1024
	str	r0, [r1]
	movw	r0, #5120
	movt	r0, #16386
	movs	r1, #10
	.loc	2 296 5                         @ src/main.c:296:5
	bl	initAnalogPin
	movw	r1, #8964
	movt	r1, #16385
	.loc	2 299 14                        @ src/main.c:299:14
	ldr	r0, [r1]
	bic	r0, r0, #196608
	str	r0, [r1]
	.loc	2 300 14                        @ src/main.c:300:14
	ldr	r0, [r1]
	orr	r0, r0, #65536
	str	r0, [r1]
	movw	r1, #8720
	movt	r1, #16385
	.loc	2 306 17                        @ src/main.c:306:17
	ldr	r0, [r1]
	bic	r0, r0, #117440512
	str	r0, [r1]
	.loc	2 307 17                        @ src/main.c:307:17
	ldr	r0, [r1]
	orr	r0, r0, #100663296
	str	r0, [r1]
	movw	r1, #8748
	movt	r1, #16385
	.loc	2 310 16                        @ src/main.c:310:16
	ldr	r0, [r1]
	bic	r0, r0, #15728640
	str	r0, [r1]
	movw	r1, #8756
	movt	r1, #16385
	.loc	2 313 16                        @ src/main.c:313:16
	ldr	r0, [r1]
	bic	r0, r0, #31
	str	r0, [r1]
	.loc	2 314 16                        @ src/main.c:314:16
	ldr	r0, [r1]
	orr	r0, r0, #8
	str	r0, [r1]
	movw	r1, #8708
	movt	r1, #16385
	.loc	2 317 15                        @ src/main.c:317:15
	ldr	r0, [r1]
	bic	r0, r0, #50331648
	str	r0, [r1]
	movw	r1, #8712
	movt	r1, #16385
	.loc	2 318 15                        @ src/main.c:318:15
	ldr	r0, [r1]
	bic	r0, r0, #2048
	str	r0, [r1]
	.loc	2 321 15                        @ src/main.c:321:15
	ldr	r0, [r1]
	orr	r0, r0, #1024
	str	r0, [r1]
	.loc	2 324 15                        @ src/main.c:324:15
	ldr	r0, [r1]
	orr	r0, r0, #1
	str	r0, [r1]
	.loc	2 325 1 epilogue_begin          @ src/main.c:325:1
	pop	{r7, pc}
.Ltmp57:
.Lfunc_end17:
	.size	ADC_init, .Lfunc_end17-ADC_init
	.cfi_endproc
	.cantunwind
	.fnend
                                        @ -- End function
	.hidden	ADC_readTemperatureRaw          @ -- Begin function ADC_readTemperatureRaw
	.globl	ADC_readTemperatureRaw
	.p2align	2
	.type	ADC_readTemperatureRaw,%function
	.code	16                              @ @ADC_readTemperatureRaw
	.thumb_func
ADC_readTemperatureRaw:
.Lfunc_begin18:
	.loc	2 328 0                         @ src/main.c:328:0
	.fnstart
	.cfi_startproc
@ %bb.0:
	movw	r1, #8704
	movt	r1, #16385
.Ltmp58:
	.loc	2 330 14 prologue_end           @ src/main.c:330:14
	ldr	r0, [r1]
	bic	r0, r0, #2
	str	r0, [r1]
	movw	r1, #8712
	movt	r1, #16385
	.loc	2 333 15                        @ src/main.c:333:15
	ldr	r0, [r1]
	orr	r0, r0, #1073741824
	str	r0, [r1]
	.loc	2 336 5                         @ src/main.c:336:5
	b	.LBB18_1
.LBB18_1:                               @ =>This Inner Loop Header: Depth=1
	.loc	2 0 5 is_stmt 0                 @ src/main.c:0:5
	movw	r0, #8704
	movt	r0, #16385
	.loc	2 336 19                        @ src/main.c:336:19
	ldr	r0, [r0]
	.loc	2 336 5                         @ src/main.c:336:5
	lsls	r0, r0, #30
	cmp	r0, #0
	bmi	.LBB18_3
	b	.LBB18_2
.LBB18_2:                               @   in Loop: Header=BB18_1 Depth=1
	b	.LBB18_1
.LBB18_3:
	.loc	2 0 5                           @ src/main.c:0:5
	movw	r0, #8780
	movt	r0, #16385
	.loc	2 340 29 is_stmt 1              @ src/main.c:340:29
	ldr	r0, [r0]
	.loc	2 340 32 is_stmt 0              @ src/main.c:340:32
	bfc	r0, #12, #20
	.loc	2 340 5                         @ src/main.c:340:5
	bx	lr
.Ltmp59:
.Lfunc_end18:
	.size	ADC_readTemperatureRaw, .Lfunc_end18-ADC_readTemperatureRaw
	.cfi_endproc
	.cantunwind
	.fnend
                                        @ -- End function
	.hidden	convertAdcToTemperature         @ -- Begin function convertAdcToTemperature
	.globl	convertAdcToTemperature
	.p2align	2
	.type	convertAdcToTemperature,%function
	.code	16                              @ @convertAdcToTemperature
	.thumb_func
convertAdcToTemperature:
.Lfunc_begin19:
	.loc	2 344 0 is_stmt 1               @ src/main.c:344:0
	.fnstart
	.cfi_startproc
@ %bb.0:
	.pad	#4
	sub	sp, #4
	.cfi_def_cfa_offset 4
                                        @ kill: def $r1 killed $r0
	strh.w	r0, [sp, #2]
.Ltmp60:
	.loc	2 352 37 prologue_end           @ src/main.c:352:37
	ldrh.w	r0, [sp, #2]
	.loc	2 352 30 is_stmt 0              @ src/main.c:352:30
	vmov	s0, r0
	vcvt.f32.u32	s0, s0
	vldr	s2, .LCPI19_0
	.loc	2 352 28                        @ src/main.c:352:28
	vmul.f32	s0, s0, s2
	vldr	s2, .LCPI19_1
	.loc	2 352 47                        @ src/main.c:352:47
	vdiv.f32	s0, s0, s2
	vldr	s2, .LCPI19_2
	.loc	2 352 18                        @ src/main.c:352:18
	vadd.f32	s0, s0, s2
	.loc	2 352 5 epilogue_begin          @ src/main.c:352:5
	add	sp, #4
	bx	lr
.Ltmp61:
	.loc	2 0 5                           @ :0:5
.Ltmp62:
	.p2align	2
@ %bb.1:
.LCPI19_0:
	.long	0xc2aa0000                      @ float -85
.LCPI19_1:
	.long	0x457ff000                      @ float 4095
.LCPI19_2:
	.long	0x425c0000                      @ float 55
.Lfunc_end19:
	.size	convertAdcToTemperature, .Lfunc_end19-convertAdcToTemperature
	.cfi_endproc
	.cantunwind
	.fnend
                                        @ -- End function
	.hidden	processTemperatureControl       @ -- Begin function processTemperatureControl
	.globl	processTemperatureControl
	.p2align	2
	.type	processTemperatureControl,%function
	.code	16                              @ @processTemperatureControl
	.thumb_func
processTemperatureControl:
.Lfunc_begin20:
	.fnstart
	.cfi_startproc
@ %bb.0:
	.loc	2 378 10 prologue_end is_stmt 1 @ src/main.c:378:10
	movw	r0, :lower16:msTicks
	movt	r0, :upper16:msTicks
	ldr	r0, [r0]
	.loc	2 378 20 is_stmt 0              @ src/main.c:378:20
	movw	r1, :lower16:uartClimateOverrideUntil
	movt	r1, :upper16:uartClimateOverrideUntil
	ldr	r1, [r1]
.Ltmp63:
	.loc	2 378 10                        @ src/main.c:378:10
	cmp	r0, r1
	bhs	.LBB20_2
	b	.LBB20_1
.LBB20_1:
.Ltmp64:
	.loc	2 380 9 is_stmt 1               @ src/main.c:380:9
	b	.LBB20_8
.Ltmp65:
.LBB20_2:
	.loc	2 383 9                         @ src/main.c:383:9
	movw	r0, :lower16:currentTemperature
	movt	r0, :upper16:currentTemperature
	vldr	s0, [r0]
	vmov.f32	s2, #2.200000e+01
.Ltmp66:
	.loc	2 383 9 is_stmt 0               @ src/main.c:383:9
	vcmp.f32	s0, s2
	vmrs	APSR_nzcv, fpscr
	bge	.LBB20_4
	b	.LBB20_3
.LBB20_3:
.Ltmp67:
	.loc	2 385 22 is_stmt 1              @ src/main.c:385:22
	movw	r1, :lower16:heaterOutput
	movt	r1, :upper16:heaterOutput
	movs	r0, #1
	strb	r0, [r1]
	.loc	2 386 23                        @ src/main.c:386:23
	movw	r2, :lower16:coolingOutput
	movt	r2, :upper16:coolingOutput
	movs	r1, #0
	strb	r1, [r2]
	.loc	2 387 19                        @ src/main.c:387:19
	movw	r1, :lower16:fanOutput
	movt	r1, :upper16:fanOutput
	strb	r0, [r1]
	.loc	2 388 5                         @ src/main.c:388:5
	b	.LBB20_8
.Ltmp68:
.LBB20_4:
	.loc	2 389 14                        @ src/main.c:389:14
	movw	r0, :lower16:currentTemperature
	movt	r0, :upper16:currentTemperature
	vldr	s0, [r0]
	vmov.f32	s2, #2.400000e+01
.Ltmp69:
	.loc	2 389 14 is_stmt 0              @ src/main.c:389:14
	vcmp.f32	s0, s2
	vmrs	APSR_nzcv, fpscr
	ble	.LBB20_6
	b	.LBB20_5
.LBB20_5:
.Ltmp70:
	.loc	2 391 22 is_stmt 1              @ src/main.c:391:22
	movw	r1, :lower16:heaterOutput
	movt	r1, :upper16:heaterOutput
	movs	r0, #0
	strb	r0, [r1]
	.loc	2 392 23                        @ src/main.c:392:23
	movw	r1, :lower16:coolingOutput
	movt	r1, :upper16:coolingOutput
	movs	r0, #1
	strb	r0, [r1]
	.loc	2 393 19                        @ src/main.c:393:19
	movw	r1, :lower16:fanOutput
	movt	r1, :upper16:fanOutput
	strb	r0, [r1]
	.loc	2 394 5                         @ src/main.c:394:5
	b	.LBB20_7
.Ltmp71:
.LBB20_6:
	.loc	2 397 22                        @ src/main.c:397:22
	movw	r1, :lower16:heaterOutput
	movt	r1, :upper16:heaterOutput
	movs	r0, #0
	strb	r0, [r1]
	.loc	2 398 23                        @ src/main.c:398:23
	movw	r1, :lower16:coolingOutput
	movt	r1, :upper16:coolingOutput
	strb	r0, [r1]
	b	.LBB20_7
.Ltmp72:
.LBB20_7:
	.loc	2 0 23 is_stmt 0                @ src/main.c:0:23
	b	.LBB20_8
.LBB20_8:
	.loc	2 400 1 is_stmt 1               @ src/main.c:400:1
	bx	lr
.Ltmp73:
.Lfunc_end20:
	.size	processTemperatureControl, .Lfunc_end20-processTemperatureControl
	.cfi_endproc
	.cantunwind
	.fnend
                                        @ -- End function
	.hidden	processSwitches                 @ -- Begin function processSwitches
	.globl	processSwitches
	.p2align	2
	.type	processSwitches,%function
	.code	16                              @ @processSwitches
	.thumb_func
processSwitches:
.Lfunc_begin21:
	.fnstart
	.cfi_startproc
@ %bb.0:
	.loc	2 420 1 prologue_end            @ src/main.c:420:1
	bx	lr
.Ltmp74:
.Lfunc_end21:
	.size	processSwitches, .Lfunc_end21-processSwitches
	.cfi_endproc
	.cantunwind
	.fnend
                                        @ -- End function
	.hidden	SysTick_Handler                 @ -- Begin function SysTick_Handler
	.globl	SysTick_Handler
	.p2align	2
	.type	SysTick_Handler,%function
	.code	16                              @ @SysTick_Handler
	.thumb_func
SysTick_Handler:
.Lfunc_begin22:
	.fnstart
	.cfi_startproc
@ %bb.0:
	.loc	2 424 12 prologue_end           @ src/main.c:424:12
	movw	r1, :lower16:msTicks
	movt	r1, :upper16:msTicks
	ldr	r0, [r1]
	adds	r0, #1
	str	r0, [r1]
	.loc	2 425 1                         @ src/main.c:425:1
	bx	lr
.Ltmp75:
.Lfunc_end22:
	.size	SysTick_Handler, .Lfunc_end22-SysTick_Handler
	.cfi_endproc
	.cantunwind
	.fnend
                                        @ -- End function
	.hidden	processUartReceive              @ -- Begin function processUartReceive
	.globl	processUartReceive
	.p2align	2
	.type	processUartReceive,%function
	.code	16                              @ @processUartReceive
	.thumb_func
processUartReceive:
.Lfunc_begin23:
	.loc	2 428 0                         @ src/main.c:428:0
	.fnstart
	.cfi_startproc
@ %bb.0:
	.save	{r7, lr}
	push	{r7, lr}
	.cfi_def_cfa_offset 8
	.cfi_offset lr, -4
	.cfi_offset r7, -8
	.pad	#8
	sub	sp, #8
	.cfi_def_cfa_offset 16
.Ltmp76:
	.loc	2 432 5 prologue_end            @ src/main.c:432:5
	b	.LBB23_1
.LBB23_1:                               @ =>This Inner Loop Header: Depth=1
	.loc	2 0 5 is_stmt 0                 @ src/main.c:0:5
	add.w	r0, sp, #7
	.loc	2 432 12                        @ src/main.c:432:12
	bl	USART3_readCharNonBlocking
	.loc	2 432 5                         @ src/main.c:432:5
	cmp	r0, #0
	beq.w	.LBB23_17
	b	.LBB23_2
.LBB23_2:                               @   in Loop: Header=BB23_1 Depth=1
.Ltmp77:
	.loc	2 434 35 is_stmt 1              @ src/main.c:434:35
	ldrb.w	r0, [sp, #7]
	.loc	2 434 17 is_stmt 0              @ src/main.c:434:17
	strb.w	r0, [sp, #6]
.Ltmp78:
	.loc	2 436 13 is_stmt 1              @ src/main.c:436:13
	movw	r0, :lower16:processUartReceive.waitingForControlByte
	movt	r0, :upper16:processUartReceive.waitingForControlByte
	ldrb	r0, [r0]
.Ltmp79:
	.loc	2 436 13 is_stmt 0              @ src/main.c:436:13
	cbnz	r0, .LBB23_6
	b	.LBB23_3
.LBB23_3:                               @   in Loop: Header=BB23_1 Depth=1
.Ltmp80:
	.loc	2 438 17 is_stmt 1              @ src/main.c:438:17
	ldrb.w	r0, [sp, #6]
.Ltmp81:
	.loc	2 438 17 is_stmt 0              @ src/main.c:438:17
	cmp	r0, #38
	bne	.LBB23_5
	b	.LBB23_4
.LBB23_4:                               @   in Loop: Header=BB23_1 Depth=1
.Ltmp82:
	.loc	2 440 39 is_stmt 1              @ src/main.c:440:39
	movw	r1, :lower16:processUartReceive.waitingForControlByte
	movt	r1, :upper16:processUartReceive.waitingForControlByte
	movs	r0, #1
	strb	r0, [r1]
	.loc	2 441 13                        @ src/main.c:441:13
	b	.LBB23_5
.Ltmp83:
.LBB23_5:                               @   in Loop: Header=BB23_1 Depth=1
	.loc	2 442 9                         @ src/main.c:442:9
	b	.LBB23_16
.Ltmp84:
.LBB23_6:                               @   in Loop: Header=BB23_1 Depth=1
	.loc	2 445 35                        @ src/main.c:445:35
	movw	r1, :lower16:processUartReceive.waitingForControlByte
	movt	r1, :upper16:processUartReceive.waitingForControlByte
	movs	r0, #0
	strb	r0, [r1]
.Ltmp85:
	.loc	2 457 18                        @ src/main.c:457:18
	ldrb.w	r0, [sp, #6]
	.loc	2 457 25 is_stmt 0              @ src/main.c:457:25
	and	r0, r0, #195
.Ltmp86:
	.loc	2 457 17                        @ src/main.c:457:17
	cmp	r0, #64
	bne	.LBB23_15
	b	.LBB23_7
.LBB23_7:                               @   in Loop: Header=BB23_1 Depth=1
.Ltmp87:
	.loc	2 459 40 is_stmt 1              @ src/main.c:459:40
	ldrb.w	r0, [sp, #6]
	.loc	2 459 53 is_stmt 0              @ src/main.c:459:53
	ubfx	r0, r0, #5, #1
	.loc	2 459 25                        @ src/main.c:459:25
	strb.w	r0, [sp, #5]
	.loc	2 460 40 is_stmt 1              @ src/main.c:460:40
	ldrb.w	r0, [sp, #6]
	.loc	2 460 53 is_stmt 0              @ src/main.c:460:53
	ubfx	r0, r0, #4, #1
	.loc	2 460 25                        @ src/main.c:460:25
	strb.w	r0, [sp, #4]
	.loc	2 461 40 is_stmt 1              @ src/main.c:461:40
	ldrb.w	r0, [sp, #6]
	.loc	2 461 53 is_stmt 0              @ src/main.c:461:53
	ubfx	r0, r0, #3, #1
	.loc	2 461 25                        @ src/main.c:461:25
	strb.w	r0, [sp, #3]
	.loc	2 462 40 is_stmt 1              @ src/main.c:462:40
	ldrb.w	r0, [sp, #6]
	.loc	2 462 53 is_stmt 0              @ src/main.c:462:53
	ubfx	r0, r0, #2, #1
	.loc	2 462 25                        @ src/main.c:462:25
	strb.w	r0, [sp, #2]
	.loc	2 465 31 is_stmt 1              @ src/main.c:465:31
	ldrb.w	r0, [sp, #5]
	.loc	2 465 29 is_stmt 0              @ src/main.c:465:29
	movw	r1, :lower16:lightOutput
	movt	r1, :upper16:lightOutput
	strb	r0, [r1]
.Ltmp88:
	.loc	2 471 22 is_stmt 1              @ src/main.c:471:22
	movw	r0, :lower16:currentTemperature
	movt	r0, :upper16:currentTemperature
	vldr	s0, [r0]
	vmov.f32	s2, #1.500000e+01
	.loc	2 471 51 is_stmt 0              @ src/main.c:471:51
	vcmp.f32	s0, s2
	vmrs	APSR_nzcv, fpscr
	blt	.LBB23_14
	b	.LBB23_8
.LBB23_8:                               @   in Loop: Header=BB23_1 Depth=1
	.loc	2 472 22 is_stmt 1              @ src/main.c:472:22
	movw	r0, :lower16:currentTemperature
	movt	r0, :upper16:currentTemperature
	vldr	s0, [r0]
	vmov.f32	s2, #3.000000e+01
.Ltmp89:
	.loc	2 471 21                        @ src/main.c:471:21
	vcmp.f32	s0, s2
	vmrs	APSR_nzcv, fpscr
	bgt	.LBB23_14
	b	.LBB23_9
.LBB23_9:                               @   in Loop: Header=BB23_1 Depth=1
.Ltmp90:
	.loc	2 478 25                        @ src/main.c:478:25
	ldrb.w	r0, [sp, #4]
	.loc	2 478 36 is_stmt 0              @ src/main.c:478:36
	cbz	r0, .LBB23_12
	b	.LBB23_10
.LBB23_10:                              @   in Loop: Header=BB23_1 Depth=1
	.loc	2 478 39                        @ src/main.c:478:39
	ldrb.w	r0, [sp, #3]
.Ltmp91:
	.loc	2 478 25                        @ src/main.c:478:25
	cbz	r0, .LBB23_12
	b	.LBB23_11
.LBB23_11:                              @   in Loop: Header=BB23_1 Depth=1
.Ltmp92:
	.loc	2 480 38 is_stmt 1              @ src/main.c:480:38
	movw	r1, :lower16:heaterOutput
	movt	r1, :upper16:heaterOutput
	movs	r0, #0
	strb	r0, [r1]
	.loc	2 481 39                        @ src/main.c:481:39
	movw	r1, :lower16:coolingOutput
	movt	r1, :upper16:coolingOutput
	strb	r0, [r1]
	.loc	2 482 21                        @ src/main.c:482:21
	b	.LBB23_13
.Ltmp93:
.LBB23_12:                              @   in Loop: Header=BB23_1 Depth=1
	.loc	2 485 40                        @ src/main.c:485:40
	ldrb.w	r0, [sp, #4]
	.loc	2 485 38 is_stmt 0              @ src/main.c:485:38
	movw	r1, :lower16:heaterOutput
	movt	r1, :upper16:heaterOutput
	strb	r0, [r1]
	.loc	2 486 41 is_stmt 1              @ src/main.c:486:41
	ldrb.w	r0, [sp, #3]
	.loc	2 486 39 is_stmt 0              @ src/main.c:486:39
	movw	r1, :lower16:coolingOutput
	movt	r1, :upper16:coolingOutput
	strb	r0, [r1]
	b	.LBB23_13
.Ltmp94:
.LBB23_13:                              @   in Loop: Header=BB23_1 Depth=1
	.loc	2 489 33 is_stmt 1              @ src/main.c:489:33
	ldrb.w	r0, [sp, #2]
	.loc	2 489 31 is_stmt 0              @ src/main.c:489:31
	movw	r1, :lower16:fanOutput
	movt	r1, :upper16:fanOutput
	strb	r0, [r1]
	.loc	2 492 48 is_stmt 1              @ src/main.c:492:48
	movw	r0, :lower16:msTicks
	movt	r0, :upper16:msTicks
	ldr	r0, [r0]
	movw	r1, #10000
	.loc	2 492 56 is_stmt 0              @ src/main.c:492:56
	add	r0, r1
	.loc	2 492 46                        @ src/main.c:492:46
	movw	r1, :lower16:uartClimateOverrideUntil
	movt	r1, :upper16:uartClimateOverrideUntil
	str	r0, [r1]
	.loc	2 493 17 is_stmt 1              @ src/main.c:493:17
	b	.LBB23_14
.Ltmp95:
.LBB23_14:                              @   in Loop: Header=BB23_1 Depth=1
	.loc	2 494 13                        @ src/main.c:494:13
	b	.LBB23_15
.Ltmp96:
.LBB23_15:                              @   in Loop: Header=BB23_1 Depth=1
	.loc	2 0 13 is_stmt 0                @ src/main.c:0:13
	b	.LBB23_16
.LBB23_16:                              @   in Loop: Header=BB23_1 Depth=1
	.loc	2 432 5 is_stmt 1               @ src/main.c:432:5
	b	.LBB23_1
.LBB23_17:
	.loc	2 497 1 epilogue_begin          @ src/main.c:497:1
	add	sp, #8
	pop	{r7, pc}
.Ltmp97:
.Lfunc_end23:
	.size	processUartReceive, .Lfunc_end23-processUartReceive
	.cfi_endproc
	.cantunwind
	.fnend
                                        @ -- End function
	.hidden	sendHmsStatus                   @ -- Begin function sendHmsStatus
	.globl	sendHmsStatus
	.p2align	2
	.type	sendHmsStatus,%function
	.code	16                              @ @sendHmsStatus
	.thumb_func
sendHmsStatus:
.Lfunc_begin24:
	.loc	2 500 0                         @ src/main.c:500:0
	.fnstart
	.cfi_startproc
@ %bb.0:
	.save	{r7, lr}
	push	{r7, lr}
	.cfi_def_cfa_offset 8
	.cfi_offset lr, -4
	.cfi_offset r7, -8
	.pad	#24
	sub	sp, #24
	.cfi_def_cfa_offset 32
	movs	r0, #65
.Ltmp98:
	.loc	2 502 13 prologue_end           @ src/main.c:502:13
	strb.w	r0, [sp, #15]
.Ltmp99:
	.loc	2 504 9                         @ src/main.c:504:9
	movw	r0, :lower16:lightOutput
	movt	r0, :upper16:lightOutput
	ldrb	r0, [r0]
.Ltmp100:
	.loc	2 504 9 is_stmt 0               @ src/main.c:504:9
	cbz	r0, .LBB24_2
	b	.LBB24_1
.LBB24_1:
.Ltmp101:
	.loc	2 505 20 is_stmt 1              @ src/main.c:505:20
	ldrb.w	r0, [sp, #15]
	orr	r0, r0, #32
	strb.w	r0, [sp, #15]
	.loc	2 505 9 is_stmt 0               @ src/main.c:505:9
	b	.LBB24_2
.Ltmp102:
.LBB24_2:
	.loc	2 507 9 is_stmt 1               @ src/main.c:507:9
	movw	r0, :lower16:heaterOutput
	movt	r0, :upper16:heaterOutput
	ldrb	r0, [r0]
.Ltmp103:
	.loc	2 507 9 is_stmt 0               @ src/main.c:507:9
	cbz	r0, .LBB24_4
	b	.LBB24_3
.LBB24_3:
.Ltmp104:
	.loc	2 508 20 is_stmt 1              @ src/main.c:508:20
	ldrb.w	r0, [sp, #15]
	orr	r0, r0, #16
	strb.w	r0, [sp, #15]
	.loc	2 508 9 is_stmt 0               @ src/main.c:508:9
	b	.LBB24_4
.Ltmp105:
.LBB24_4:
	.loc	2 510 9 is_stmt 1               @ src/main.c:510:9
	movw	r0, :lower16:coolingOutput
	movt	r0, :upper16:coolingOutput
	ldrb	r0, [r0]
.Ltmp106:
	.loc	2 510 9 is_stmt 0               @ src/main.c:510:9
	cbz	r0, .LBB24_6
	b	.LBB24_5
.LBB24_5:
.Ltmp107:
	.loc	2 511 20 is_stmt 1              @ src/main.c:511:20
	ldrb.w	r0, [sp, #15]
	orr	r0, r0, #8
	strb.w	r0, [sp, #15]
	.loc	2 511 9 is_stmt 0               @ src/main.c:511:9
	b	.LBB24_6
.Ltmp108:
.LBB24_6:
	.loc	2 513 9 is_stmt 1               @ src/main.c:513:9
	movw	r0, :lower16:fanOutput
	movt	r0, :upper16:fanOutput
	ldrb	r0, [r0]
.Ltmp109:
	.loc	2 513 9 is_stmt 0               @ src/main.c:513:9
	cbz	r0, .LBB24_8
	b	.LBB24_7
.LBB24_7:
.Ltmp110:
	.loc	2 514 20 is_stmt 1              @ src/main.c:514:20
	ldrb.w	r0, [sp, #15]
	orr	r0, r0, #4
	strb.w	r0, [sp, #15]
	.loc	2 514 9 is_stmt 0               @ src/main.c:514:9
	b	.LBB24_8
.Ltmp111:
.LBB24_8:
	.loc	2 516 57 is_stmt 1              @ src/main.c:516:57
	movw	r0, :lower16:currentTemperature
	movt	r0, :upper16:currentTemperature
	ldr	r0, [r0]
	bl	__aeabi_f2d
	vmov	d0, r0, r1
	.loc	2 516 5 is_stmt 0               @ src/main.c:516:5
	mov	r0, sp
	vstr	d0, [r0]
	movw	r2, :lower16:.L.str
	movt	r2, :upper16:.L.str
	add	r0, sp, #16
	movs	r1, #8
	bl	snprintf
	movs	r0, #38
	.loc	2 518 5 is_stmt 1               @ src/main.c:518:5
	bl	USART3_writeChar
	movs	r0, #126
	.loc	2 519 5                         @ src/main.c:519:5
	bl	USART3_writeChar
	movs	r0, #0
.Ltmp112:
	.loc	2 521 18                        @ src/main.c:521:18
	strb.w	r0, [sp, #14]
	.loc	2 521 10 is_stmt 0              @ src/main.c:521:10
	b	.LBB24_9
.LBB24_9:                               @ =>This Inner Loop Header: Depth=1
.Ltmp113:
	.loc	2 521 25                        @ src/main.c:521:25
	ldrb.w	r0, [sp, #14]
.Ltmp114:
	.loc	2 521 5                         @ src/main.c:521:5
	cmp	r0, #5
	bhi	.LBB24_12
	b	.LBB24_10
.LBB24_10:                              @   in Loop: Header=BB24_9 Depth=1
.Ltmp115:
	.loc	2 523 37 is_stmt 1              @ src/main.c:523:37
	ldrb.w	r1, [sp, #14]
	add	r0, sp, #16
	.loc	2 523 26 is_stmt 0              @ src/main.c:523:26
	ldrb	r0, [r0, r1]
	.loc	2 523 9                         @ src/main.c:523:9
	bl	USART3_writeChar
	.loc	2 524 5 is_stmt 1               @ src/main.c:524:5
	b	.LBB24_11
.Ltmp116:
.LBB24_11:                              @   in Loop: Header=BB24_9 Depth=1
	.loc	2 521 34                        @ src/main.c:521:34
	ldrb.w	r0, [sp, #14]
	adds	r0, #1
	strb.w	r0, [sp, #14]
	.loc	2 521 5 is_stmt 0               @ src/main.c:521:5
	b	.LBB24_9
.Ltmp117:
.LBB24_12:
	.loc	2 0 5                           @ src/main.c:0:5
	movs	r0, #126
	.loc	2 526 5 is_stmt 1               @ src/main.c:526:5
	bl	USART3_writeChar
	.loc	2 527 28                        @ src/main.c:527:28
	ldrb.w	r0, [sp, #15]
	.loc	2 527 5 is_stmt 0               @ src/main.c:527:5
	bl	USART3_writeChar
	movs	r0, #13
	.loc	2 528 5 is_stmt 1               @ src/main.c:528:5
	bl	USART3_writeChar
	movs	r0, #10
	.loc	2 529 5                         @ src/main.c:529:5
	bl	USART3_writeChar
	.loc	2 530 1 epilogue_begin          @ src/main.c:530:1
	add	sp, #24
	pop	{r7, pc}
.Ltmp118:
.Lfunc_end24:
	.size	sendHmsStatus, .Lfunc_end24-sendHmsStatus
	.cfi_endproc
	.cantunwind
	.fnend
                                        @ -- End function
	.hidden	main                            @ -- Begin function main
	.globl	main
	.p2align	2
	.type	main,%function
	.code	16                              @ @main
	.thumb_func
main:
.Lfunc_begin25:
	.loc	2 534 0                         @ src/main.c:534:0
	.fnstart
	.cfi_startproc
@ %bb.0:
	.save	{r7, lr}
	push	{r7, lr}
	.cfi_def_cfa_offset 8
	.cfi_offset lr, -4
	.cfi_offset r7, -8
	.pad	#16
	sub	sp, #16
	.cfi_def_cfa_offset 24
	movs	r0, #0
	str	r0, [sp, #12]
.Ltmp119:
	.loc	2 535 5 prologue_end            @ src/main.c:535:5
	bl	RCC_init
	.loc	2 536 5                         @ src/main.c:536:5
	bl	GPIO_init
	.loc	2 537 5                         @ src/main.c:537:5
	bl	USART3_init
	.loc	2 538 18                        @ src/main.c:538:18
	movw	r0, :lower16:SystemCoreClock
	movt	r0, :upper16:SystemCoreClock
	ldr	r0, [r0]
	movw	r1, #19923
	movt	r1, #4194
	.loc	2 538 34 is_stmt 0              @ src/main.c:538:34
	umull	r1, r0, r0, r1
	lsrs	r0, r0, #6
	.loc	2 538 3                         @ src/main.c:538:3
	bl	SysTick_Config
	.loc	2 539 5 is_stmt 1               @ src/main.c:539:5
	bl	ADC_init
	movs	r0, #0
	movt	r0, #16386
	movs	r1, #9
	.loc	2 541 5                         @ src/main.c:541:5
	bl	outputOff
	movw	r0, #5120
	movt	r0, #16386
	movs	r1, #8
	.loc	2 542 5                         @ src/main.c:542:5
	str	r1, [sp]                        @ 4-byte Spill
	bl	outputOff
	ldr	r1, [sp]                        @ 4-byte Reload
	movw	r0, #1024
	movt	r0, #16386
	.loc	2 543 5                         @ src/main.c:543:5
	str	r0, [sp, #4]                    @ 4-byte Spill
	bl	outputOff
	ldr	r0, [sp, #4]                    @ 4-byte Reload
	movs	r1, #1
	.loc	2 544 5                         @ src/main.c:544:5
	bl	outputOff
	.loc	2 546 5                         @ src/main.c:546:5
	movw	r0, :lower16:.L.str.1
	movt	r0, :upper16:.L.str.1
	bl	USART3_writeString
	.loc	2 548 5                         @ src/main.c:548:5
	b	.LBB25_1
.LBB25_1:                               @ =>This Inner Loop Header: Depth=1
.Ltmp120:
	.loc	2 550 27                        @ src/main.c:550:27
	bl	ADC_readTemperatureRaw
	.loc	2 550 18 is_stmt 0              @ src/main.c:550:18
	strh.w	r0, [sp, #10]
	.loc	2 551 54 is_stmt 1              @ src/main.c:551:54
	ldrh.w	r0, [sp, #10]
	.loc	2 551 30 is_stmt 0              @ src/main.c:551:30
	bl	convertAdcToTemperature
	.loc	2 551 28                        @ src/main.c:551:28
	movw	r0, :lower16:currentTemperature
	movt	r0, :upper16:currentTemperature
	vstr	s0, [r0]
	.loc	2 553 9 is_stmt 1               @ src/main.c:553:9
	bl	processSwitches
	.loc	2 554 9                         @ src/main.c:554:9
	bl	processUartReceive
	.loc	2 555 9                         @ src/main.c:555:9
	bl	processTemperatureControl
	.loc	2 557 9                         @ src/main.c:557:9
	bl	updateOutputs
.Ltmp121:
	.loc	2 559 13                        @ src/main.c:559:13
	bl	TIM6_has4SecondsPassed
.Ltmp122:
	.loc	2 559 13 is_stmt 0              @ src/main.c:559:13
	cbz	r0, .LBB25_3
	b	.LBB25_2
.LBB25_2:                               @   in Loop: Header=BB25_1 Depth=1
.Ltmp123:
	.loc	2 561 13 is_stmt 1              @ src/main.c:561:13
	bl	sendHmsStatus
	.loc	2 562 9                         @ src/main.c:562:9
	b	.LBB25_3
.Ltmp124:
.LBB25_3:                               @   in Loop: Header=BB25_1 Depth=1
	.loc	2 548 5                         @ src/main.c:548:5
	b	.LBB25_1
.Ltmp125:
.Lfunc_end25:
	.size	main, .Lfunc_end25-main
	.cfi_endproc
	.cantunwind
	.fnend
                                        @ -- End function
	.p2align	2                               @ -- Begin function SysTick_Config
	.type	SysTick_Config,%function
	.code	16                              @ @SysTick_Config
	.thumb_func
SysTick_Config:
.Lfunc_begin26:
	.loc	4 2023 0                        @ ./inc/CMSIS\core_cm4.h:2023:0
	.fnstart
	.cfi_startproc
@ %bb.0:
	.save	{r7, lr}
	push	{r7, lr}
	.cfi_def_cfa_offset 8
	.cfi_offset lr, -4
	.cfi_offset r7, -8
	.pad	#8
	sub	sp, #8
	.cfi_def_cfa_offset 16
	str	r0, [sp]
.Ltmp126:
	.loc	4 2024 8 prologue_end           @ ./inc/CMSIS\core_cm4.h:2024:8
	ldr	r0, [sp]
	.loc	4 2024 14 is_stmt 0             @ ./inc/CMSIS\core_cm4.h:2024:14
	subs	r0, #1
.Ltmp127:
	.loc	4 2024 7                        @ ./inc/CMSIS\core_cm4.h:2024:7
	cmp.w	r0, #16777216
	blo	.LBB26_2
	b	.LBB26_1
.LBB26_1:
	.loc	4 0 7                           @ ./inc/CMSIS\core_cm4.h:0:7
	movs	r0, #1
.Ltmp128:
	.loc	4 2026 5 is_stmt 1              @ ./inc/CMSIS\core_cm4.h:2026:5
	str	r0, [sp, #4]
	b	.LBB26_3
.Ltmp129:
.LBB26_2:
	.loc	4 2029 31                       @ ./inc/CMSIS\core_cm4.h:2029:31
	ldr	r0, [sp]
	.loc	4 2029 37 is_stmt 0             @ ./inc/CMSIS\core_cm4.h:2029:37
	subs	r0, #1
	movw	r1, #57364
	movt	r1, #57344
	.loc	4 2029 18                       @ ./inc/CMSIS\core_cm4.h:2029:18
	str	r0, [r1]
	mov.w	r0, #-1
	movs	r1, #15
	.loc	4 2030 3 is_stmt 1              @ ./inc/CMSIS\core_cm4.h:2030:3
	bl	__NVIC_SetPriority
	movw	r1, #57368
	movt	r1, #57344
	movs	r0, #0
	.loc	4 2031 18                       @ ./inc/CMSIS\core_cm4.h:2031:18
	str	r0, [r1]
	movw	r2, #57360
	movt	r2, #57344
	movs	r1, #7
	.loc	4 2032 18                       @ ./inc/CMSIS\core_cm4.h:2032:18
	str	r1, [r2]
	.loc	4 2035 3                        @ ./inc/CMSIS\core_cm4.h:2035:3
	str	r0, [sp, #4]
	b	.LBB26_3
.LBB26_3:
	.loc	4 2036 1                        @ ./inc/CMSIS\core_cm4.h:2036:1
	ldr	r0, [sp, #4]
	.loc	4 2036 1 epilogue_begin is_stmt 0 @ ./inc/CMSIS\core_cm4.h:2036:1
	add	sp, #8
	pop	{r7, pc}
.Ltmp130:
.Lfunc_end26:
	.size	SysTick_Config, .Lfunc_end26-SysTick_Config
	.cfi_endproc
	.cantunwind
	.fnend
                                        @ -- End function
	.p2align	2                               @ -- Begin function __NVIC_SetPriority
	.type	__NVIC_SetPriority,%function
	.code	16                              @ @__NVIC_SetPriority
	.thumb_func
__NVIC_SetPriority:
.Lfunc_begin27:
	.loc	4 1815 0 is_stmt 1              @ ./inc/CMSIS\core_cm4.h:1815:0
	.fnstart
	.cfi_startproc
@ %bb.0:
	.pad	#8
	sub	sp, #8
	.cfi_def_cfa_offset 8
	str	r0, [sp, #4]
	str	r1, [sp]
.Ltmp131:
	.loc	4 1816 17 prologue_end          @ ./inc/CMSIS\core_cm4.h:1816:17
	ldr	r0, [sp, #4]
.Ltmp132:
	.loc	4 1816 7 is_stmt 0              @ ./inc/CMSIS\core_cm4.h:1816:7
	cmp	r0, #0
	bmi	.LBB27_2
	b	.LBB27_1
.LBB27_1:
.Ltmp133:
	.loc	4 1818 59 is_stmt 1             @ ./inc/CMSIS\core_cm4.h:1818:59
	ldr	r0, [sp]
	.loc	4 1818 68 is_stmt 0             @ ./inc/CMSIS\core_cm4.h:1818:68
	lsls	r0, r0, #4
	.loc	4 1818 25                       @ ./inc/CMSIS\core_cm4.h:1818:25
	ldr	r1, [sp, #4]
	movw	r2, #58368
	movt	r2, #57344
	.loc	4 1818 46                       @ ./inc/CMSIS\core_cm4.h:1818:46
	strb	r0, [r1, r2]
	.loc	4 1819 3 is_stmt 1              @ ./inc/CMSIS\core_cm4.h:1819:3
	b	.LBB27_3
.Ltmp134:
.LBB27_2:
	.loc	4 1822 59                       @ ./inc/CMSIS\core_cm4.h:1822:59
	ldr	r0, [sp]
	.loc	4 1822 68 is_stmt 0             @ ./inc/CMSIS\core_cm4.h:1822:68
	lsls	r0, r0, #4
	.loc	4 1822 26                       @ ./inc/CMSIS\core_cm4.h:1822:26
	ldr	r1, [sp, #4]
	.loc	4 1822 32                       @ ./inc/CMSIS\core_cm4.h:1822:32
	and	r1, r1, #15
	movw	r2, #60692
	movt	r2, #57344
	.loc	4 1822 46                       @ ./inc/CMSIS\core_cm4.h:1822:46
	strb	r0, [r1, r2]
	b	.LBB27_3
.Ltmp135:
.LBB27_3:
	.loc	4 1824 1 epilogue_begin is_stmt 1 @ ./inc/CMSIS\core_cm4.h:1824:1
	add	sp, #8
	bx	lr
.Ltmp136:
.Lfunc_end27:
	.size	__NVIC_SetPriority, .Lfunc_end27-__NVIC_SetPriority
	.cfi_endproc
	.cantunwind
	.fnend
                                        @ -- End function
	.type	lightOutput,%object             @ @lightOutput
	.section	.bss.lightOutput,"aw",%nobits
lightOutput:
	.byte	0                               @ 0x0
	.size	lightOutput, 1

	.type	heaterOutput,%object            @ @heaterOutput
	.section	.bss.heaterOutput,"aw",%nobits
heaterOutput:
	.byte	0                               @ 0x0
	.size	heaterOutput, 1

	.type	coolingOutput,%object           @ @coolingOutput
	.section	.bss.coolingOutput,"aw",%nobits
coolingOutput:
	.byte	0                               @ 0x0
	.size	coolingOutput, 1

	.type	fanOutput,%object               @ @fanOutput
	.section	.bss.fanOutput,"aw",%nobits
fanOutput:
	.byte	0                               @ 0x0
	.size	fanOutput, 1

	.type	msTicks,%object                 @ @msTicks
	.section	.bss.msTicks,"aw",%nobits
	.p2align	2, 0x0
msTicks:
	.long	0                               @ 0x0
	.size	msTicks, 4

	.type	uartClimateOverrideUntil,%object @ @uartClimateOverrideUntil
	.section	.bss.uartClimateOverrideUntil,"aw",%nobits
	.p2align	2, 0x0
uartClimateOverrideUntil:
	.long	0                               @ 0x0
	.size	uartClimateOverrideUntil, 4

	.type	currentTemperature,%object      @ @currentTemperature
	.section	.bss.currentTemperature,"aw",%nobits
	.p2align	2, 0x0
currentTemperature:
	.long	0x00000000                      @ float 0
	.size	currentTemperature, 4

	.type	processUartReceive.waitingForControlByte,%object @ @processUartReceive.waitingForControlByte
	.section	.bss.processUartReceive.waitingForControlByte,"aw",%nobits
processUartReceive.waitingForControlByte:
	.byte	0                               @ 0x0
	.size	processUartReceive.waitingForControlByte, 1

	.type	.L.str,%object                  @ @.str
	.section	.rodata.str1.1,"aMS",%progbits,1
.L.str:
	.asciz	"%+06.2f"
	.size	.L.str, 8

	.type	.L.str.1,%object                @ @.str.1
.L.str.1:
	.asciz	"HMS UART3 ready @ 57600 8O1\r\n"
	.size	.L.str.1, 30

	.type	__ARM_use_no_argv,%object       @ @__ARM_use_no_argv
	.section	.ARM.use_no_argv,"awR",%progbits,unique,1
	.globl	__ARM_use_no_argv
	.p2align	2, 0x0
__ARM_use_no_argv:
	.long	1                               @ 0x1
	.size	__ARM_use_no_argv, 4

	.section	.debug_abbrev,"",%progbits
	.byte	1                               @ Abbreviation Code
	.byte	17                              @ DW_TAG_compile_unit
	.byte	1                               @ DW_CHILDREN_yes
	.byte	37                              @ DW_AT_producer
	.byte	14                              @ DW_FORM_strp
	.byte	19                              @ DW_AT_language
	.byte	5                               @ DW_FORM_data2
	.byte	3                               @ DW_AT_name
	.byte	14                              @ DW_FORM_strp
	.byte	16                              @ DW_AT_stmt_list
	.byte	23                              @ DW_FORM_sec_offset
	.byte	27                              @ DW_AT_comp_dir
	.byte	14                              @ DW_FORM_strp
	.byte	17                              @ DW_AT_low_pc
	.byte	1                               @ DW_FORM_addr
	.byte	18                              @ DW_AT_high_pc
	.byte	6                               @ DW_FORM_data4
	.byte	0                               @ EOM(1)
	.byte	0                               @ EOM(2)
	.byte	2                               @ Abbreviation Code
	.byte	46                              @ DW_TAG_subprogram
	.byte	1                               @ DW_CHILDREN_yes
	.byte	17                              @ DW_AT_low_pc
	.byte	1                               @ DW_FORM_addr
	.byte	18                              @ DW_AT_high_pc
	.byte	6                               @ DW_FORM_data4
	.byte	64                              @ DW_AT_frame_base
	.byte	24                              @ DW_FORM_exprloc
	.byte	3                               @ DW_AT_name
	.byte	14                              @ DW_FORM_strp
	.byte	58                              @ DW_AT_decl_file
	.byte	11                              @ DW_FORM_data1
	.byte	59                              @ DW_AT_decl_line
	.byte	5                               @ DW_FORM_data2
	.byte	39                              @ DW_AT_prototyped
	.byte	25                              @ DW_FORM_flag_present
	.byte	63                              @ DW_AT_external
	.byte	25                              @ DW_FORM_flag_present
	.byte	0                               @ EOM(1)
	.byte	0                               @ EOM(2)
	.byte	3                               @ Abbreviation Code
	.byte	52                              @ DW_TAG_variable
	.byte	0                               @ DW_CHILDREN_no
	.byte	3                               @ DW_AT_name
	.byte	14                              @ DW_FORM_strp
	.byte	73                              @ DW_AT_type
	.byte	19                              @ DW_FORM_ref4
	.byte	58                              @ DW_AT_decl_file
	.byte	11                              @ DW_FORM_data1
	.byte	59                              @ DW_AT_decl_line
	.byte	5                               @ DW_FORM_data2
	.byte	2                               @ DW_AT_location
	.byte	24                              @ DW_FORM_exprloc
	.byte	0                               @ EOM(1)
	.byte	0                               @ EOM(2)
	.byte	4                               @ Abbreviation Code
	.byte	52                              @ DW_TAG_variable
	.byte	0                               @ DW_CHILDREN_no
	.byte	2                               @ DW_AT_location
	.byte	24                              @ DW_FORM_exprloc
	.byte	3                               @ DW_AT_name
	.byte	14                              @ DW_FORM_strp
	.byte	58                              @ DW_AT_decl_file
	.byte	11                              @ DW_FORM_data1
	.byte	59                              @ DW_AT_decl_line
	.byte	5                               @ DW_FORM_data2
	.byte	73                              @ DW_AT_type
	.byte	19                              @ DW_FORM_ref4
	.byte	0                               @ EOM(1)
	.byte	0                               @ EOM(2)
	.byte	5                               @ Abbreviation Code
	.byte	11                              @ DW_TAG_lexical_block
	.byte	1                               @ DW_CHILDREN_yes
	.byte	17                              @ DW_AT_low_pc
	.byte	1                               @ DW_FORM_addr
	.byte	18                              @ DW_AT_high_pc
	.byte	6                               @ DW_FORM_data4
	.byte	0                               @ EOM(1)
	.byte	0                               @ EOM(2)
	.byte	6                               @ Abbreviation Code
	.byte	22                              @ DW_TAG_typedef
	.byte	0                               @ DW_CHILDREN_no
	.byte	73                              @ DW_AT_type
	.byte	19                              @ DW_FORM_ref4
	.byte	3                               @ DW_AT_name
	.byte	14                              @ DW_FORM_strp
	.byte	58                              @ DW_AT_decl_file
	.byte	11                              @ DW_FORM_data1
	.byte	59                              @ DW_AT_decl_line
	.byte	11                              @ DW_FORM_data1
	.byte	0                               @ EOM(1)
	.byte	0                               @ EOM(2)
	.byte	7                               @ Abbreviation Code
	.byte	36                              @ DW_TAG_base_type
	.byte	0                               @ DW_CHILDREN_no
	.byte	3                               @ DW_AT_name
	.byte	14                              @ DW_FORM_strp
	.byte	62                              @ DW_AT_encoding
	.byte	11                              @ DW_FORM_data1
	.byte	11                              @ DW_AT_byte_size
	.byte	11                              @ DW_FORM_data1
	.byte	0                               @ EOM(1)
	.byte	0                               @ EOM(2)
	.byte	8                               @ Abbreviation Code
	.byte	52                              @ DW_TAG_variable
	.byte	0                               @ DW_CHILDREN_no
	.byte	73                              @ DW_AT_type
	.byte	19                              @ DW_FORM_ref4
	.byte	58                              @ DW_AT_decl_file
	.byte	11                              @ DW_FORM_data1
	.byte	59                              @ DW_AT_decl_line
	.byte	5                               @ DW_FORM_data2
	.byte	2                               @ DW_AT_location
	.byte	24                              @ DW_FORM_exprloc
	.byte	0                               @ EOM(1)
	.byte	0                               @ EOM(2)
	.byte	9                               @ Abbreviation Code
	.byte	1                               @ DW_TAG_array_type
	.byte	1                               @ DW_CHILDREN_yes
	.byte	73                              @ DW_AT_type
	.byte	19                              @ DW_FORM_ref4
	.byte	0                               @ EOM(1)
	.byte	0                               @ EOM(2)
	.byte	10                              @ Abbreviation Code
	.byte	33                              @ DW_TAG_subrange_type
	.byte	0                               @ DW_CHILDREN_no
	.byte	73                              @ DW_AT_type
	.byte	19                              @ DW_FORM_ref4
	.byte	55                              @ DW_AT_count
	.byte	11                              @ DW_FORM_data1
	.byte	0                               @ EOM(1)
	.byte	0                               @ EOM(2)
	.byte	11                              @ Abbreviation Code
	.byte	36                              @ DW_TAG_base_type
	.byte	0                               @ DW_CHILDREN_no
	.byte	3                               @ DW_AT_name
	.byte	14                              @ DW_FORM_strp
	.byte	11                              @ DW_AT_byte_size
	.byte	11                              @ DW_FORM_data1
	.byte	62                              @ DW_AT_encoding
	.byte	11                              @ DW_FORM_data1
	.byte	0                               @ EOM(1)
	.byte	0                               @ EOM(2)
	.byte	12                              @ Abbreviation Code
	.byte	52                              @ DW_TAG_variable
	.byte	0                               @ DW_CHILDREN_no
	.byte	3                               @ DW_AT_name
	.byte	14                              @ DW_FORM_strp
	.byte	73                              @ DW_AT_type
	.byte	19                              @ DW_FORM_ref4
	.byte	58                              @ DW_AT_decl_file
	.byte	11                              @ DW_FORM_data1
	.byte	59                              @ DW_AT_decl_line
	.byte	11                              @ DW_FORM_data1
	.byte	2                               @ DW_AT_location
	.byte	24                              @ DW_FORM_exprloc
	.byte	0                               @ EOM(1)
	.byte	0                               @ EOM(2)
	.byte	13                              @ Abbreviation Code
	.byte	53                              @ DW_TAG_volatile_type
	.byte	0                               @ DW_CHILDREN_no
	.byte	73                              @ DW_AT_type
	.byte	19                              @ DW_FORM_ref4
	.byte	0                               @ EOM(1)
	.byte	0                               @ EOM(2)
	.byte	14                              @ Abbreviation Code
	.byte	4                               @ DW_TAG_enumeration_type
	.byte	1                               @ DW_CHILDREN_yes
	.byte	73                              @ DW_AT_type
	.byte	19                              @ DW_FORM_ref4
	.byte	11                              @ DW_AT_byte_size
	.byte	11                              @ DW_FORM_data1
	.byte	58                              @ DW_AT_decl_file
	.byte	11                              @ DW_FORM_data1
	.byte	59                              @ DW_AT_decl_line
	.byte	11                              @ DW_FORM_data1
	.byte	0                               @ EOM(1)
	.byte	0                               @ EOM(2)
	.byte	15                              @ Abbreviation Code
	.byte	40                              @ DW_TAG_enumerator
	.byte	0                               @ DW_CHILDREN_no
	.byte	3                               @ DW_AT_name
	.byte	14                              @ DW_FORM_strp
	.byte	28                              @ DW_AT_const_value
	.byte	13                              @ DW_FORM_sdata
	.byte	0                               @ EOM(1)
	.byte	0                               @ EOM(2)
	.byte	16                              @ Abbreviation Code
	.byte	15                              @ DW_TAG_pointer_type
	.byte	0                               @ DW_CHILDREN_no
	.byte	73                              @ DW_AT_type
	.byte	19                              @ DW_FORM_ref4
	.byte	0                               @ EOM(1)
	.byte	0                               @ EOM(2)
	.byte	17                              @ Abbreviation Code
	.byte	22                              @ DW_TAG_typedef
	.byte	0                               @ DW_CHILDREN_no
	.byte	73                              @ DW_AT_type
	.byte	19                              @ DW_FORM_ref4
	.byte	3                               @ DW_AT_name
	.byte	14                              @ DW_FORM_strp
	.byte	58                              @ DW_AT_decl_file
	.byte	11                              @ DW_FORM_data1
	.byte	59                              @ DW_AT_decl_line
	.byte	5                               @ DW_FORM_data2
	.byte	0                               @ EOM(1)
	.byte	0                               @ EOM(2)
	.byte	18                              @ Abbreviation Code
	.byte	19                              @ DW_TAG_structure_type
	.byte	1                               @ DW_CHILDREN_yes
	.byte	11                              @ DW_AT_byte_size
	.byte	11                              @ DW_FORM_data1
	.byte	58                              @ DW_AT_decl_file
	.byte	11                              @ DW_FORM_data1
	.byte	59                              @ DW_AT_decl_line
	.byte	5                               @ DW_FORM_data2
	.byte	0                               @ EOM(1)
	.byte	0                               @ EOM(2)
	.byte	19                              @ Abbreviation Code
	.byte	13                              @ DW_TAG_member
	.byte	0                               @ DW_CHILDREN_no
	.byte	3                               @ DW_AT_name
	.byte	14                              @ DW_FORM_strp
	.byte	73                              @ DW_AT_type
	.byte	19                              @ DW_FORM_ref4
	.byte	58                              @ DW_AT_decl_file
	.byte	11                              @ DW_FORM_data1
	.byte	59                              @ DW_AT_decl_line
	.byte	5                               @ DW_FORM_data2
	.byte	56                              @ DW_AT_data_member_location
	.byte	11                              @ DW_FORM_data1
	.byte	0                               @ EOM(1)
	.byte	0                               @ EOM(2)
	.byte	20                              @ Abbreviation Code
	.byte	19                              @ DW_TAG_structure_type
	.byte	1                               @ DW_CHILDREN_yes
	.byte	11                              @ DW_AT_byte_size
	.byte	11                              @ DW_FORM_data1
	.byte	58                              @ DW_AT_decl_file
	.byte	11                              @ DW_FORM_data1
	.byte	59                              @ DW_AT_decl_line
	.byte	11                              @ DW_FORM_data1
	.byte	0                               @ EOM(1)
	.byte	0                               @ EOM(2)
	.byte	21                              @ Abbreviation Code
	.byte	13                              @ DW_TAG_member
	.byte	0                               @ DW_CHILDREN_no
	.byte	3                               @ DW_AT_name
	.byte	14                              @ DW_FORM_strp
	.byte	73                              @ DW_AT_type
	.byte	19                              @ DW_FORM_ref4
	.byte	58                              @ DW_AT_decl_file
	.byte	11                              @ DW_FORM_data1
	.byte	59                              @ DW_AT_decl_line
	.byte	11                              @ DW_FORM_data1
	.byte	56                              @ DW_AT_data_member_location
	.byte	11                              @ DW_FORM_data1
	.byte	0                               @ EOM(1)
	.byte	0                               @ EOM(2)
	.byte	22                              @ Abbreviation Code
	.byte	38                              @ DW_TAG_const_type
	.byte	0                               @ DW_CHILDREN_no
	.byte	73                              @ DW_AT_type
	.byte	19                              @ DW_FORM_ref4
	.byte	0                               @ EOM(1)
	.byte	0                               @ EOM(2)
	.byte	23                              @ Abbreviation Code
	.byte	19                              @ DW_TAG_structure_type
	.byte	1                               @ DW_CHILDREN_yes
	.byte	11                              @ DW_AT_byte_size
	.byte	5                               @ DW_FORM_data2
	.byte	58                              @ DW_AT_decl_file
	.byte	11                              @ DW_FORM_data1
	.byte	59                              @ DW_AT_decl_line
	.byte	5                               @ DW_FORM_data2
	.byte	0                               @ EOM(1)
	.byte	0                               @ EOM(2)
	.byte	24                              @ Abbreviation Code
	.byte	13                              @ DW_TAG_member
	.byte	0                               @ DW_CHILDREN_no
	.byte	3                               @ DW_AT_name
	.byte	14                              @ DW_FORM_strp
	.byte	73                              @ DW_AT_type
	.byte	19                              @ DW_FORM_ref4
	.byte	58                              @ DW_AT_decl_file
	.byte	11                              @ DW_FORM_data1
	.byte	59                              @ DW_AT_decl_line
	.byte	5                               @ DW_FORM_data2
	.byte	56                              @ DW_AT_data_member_location
	.byte	5                               @ DW_FORM_data2
	.byte	0                               @ EOM(1)
	.byte	0                               @ EOM(2)
	.byte	25                              @ Abbreviation Code
	.byte	33                              @ DW_TAG_subrange_type
	.byte	0                               @ DW_CHILDREN_no
	.byte	73                              @ DW_AT_type
	.byte	19                              @ DW_FORM_ref4
	.byte	55                              @ DW_AT_count
	.byte	5                               @ DW_FORM_data2
	.byte	0                               @ EOM(1)
	.byte	0                               @ EOM(2)
	.byte	26                              @ Abbreviation Code
	.byte	46                              @ DW_TAG_subprogram
	.byte	1                               @ DW_CHILDREN_yes
	.byte	17                              @ DW_AT_low_pc
	.byte	1                               @ DW_FORM_addr
	.byte	18                              @ DW_AT_high_pc
	.byte	6                               @ DW_FORM_data4
	.byte	64                              @ DW_AT_frame_base
	.byte	24                              @ DW_FORM_exprloc
	.byte	3                               @ DW_AT_name
	.byte	14                              @ DW_FORM_strp
	.byte	58                              @ DW_AT_decl_file
	.byte	11                              @ DW_FORM_data1
	.byte	59                              @ DW_AT_decl_line
	.byte	11                              @ DW_FORM_data1
	.byte	39                              @ DW_AT_prototyped
	.byte	25                              @ DW_FORM_flag_present
	.byte	63                              @ DW_AT_external
	.byte	25                              @ DW_FORM_flag_present
	.byte	0                               @ EOM(1)
	.byte	0                               @ EOM(2)
	.byte	27                              @ Abbreviation Code
	.byte	5                               @ DW_TAG_formal_parameter
	.byte	0                               @ DW_CHILDREN_no
	.byte	2                               @ DW_AT_location
	.byte	24                              @ DW_FORM_exprloc
	.byte	3                               @ DW_AT_name
	.byte	14                              @ DW_FORM_strp
	.byte	58                              @ DW_AT_decl_file
	.byte	11                              @ DW_FORM_data1
	.byte	59                              @ DW_AT_decl_line
	.byte	11                              @ DW_FORM_data1
	.byte	73                              @ DW_AT_type
	.byte	19                              @ DW_FORM_ref4
	.byte	0                               @ EOM(1)
	.byte	0                               @ EOM(2)
	.byte	28                              @ Abbreviation Code
	.byte	46                              @ DW_TAG_subprogram
	.byte	0                               @ DW_CHILDREN_no
	.byte	17                              @ DW_AT_low_pc
	.byte	1                               @ DW_FORM_addr
	.byte	18                              @ DW_AT_high_pc
	.byte	6                               @ DW_FORM_data4
	.byte	64                              @ DW_AT_frame_base
	.byte	24                              @ DW_FORM_exprloc
	.byte	3                               @ DW_AT_name
	.byte	14                              @ DW_FORM_strp
	.byte	58                              @ DW_AT_decl_file
	.byte	11                              @ DW_FORM_data1
	.byte	59                              @ DW_AT_decl_line
	.byte	11                              @ DW_FORM_data1
	.byte	39                              @ DW_AT_prototyped
	.byte	25                              @ DW_FORM_flag_present
	.byte	63                              @ DW_AT_external
	.byte	25                              @ DW_FORM_flag_present
	.byte	0                               @ EOM(1)
	.byte	0                               @ EOM(2)
	.byte	29                              @ Abbreviation Code
	.byte	46                              @ DW_TAG_subprogram
	.byte	0                               @ DW_CHILDREN_no
	.byte	17                              @ DW_AT_low_pc
	.byte	1                               @ DW_FORM_addr
	.byte	18                              @ DW_AT_high_pc
	.byte	6                               @ DW_FORM_data4
	.byte	64                              @ DW_AT_frame_base
	.byte	24                              @ DW_FORM_exprloc
	.byte	3                               @ DW_AT_name
	.byte	14                              @ DW_FORM_strp
	.byte	58                              @ DW_AT_decl_file
	.byte	11                              @ DW_FORM_data1
	.byte	59                              @ DW_AT_decl_line
	.byte	11                              @ DW_FORM_data1
	.byte	39                              @ DW_AT_prototyped
	.byte	25                              @ DW_FORM_flag_present
	.byte	73                              @ DW_AT_type
	.byte	19                              @ DW_FORM_ref4
	.byte	63                              @ DW_AT_external
	.byte	25                              @ DW_FORM_flag_present
	.byte	0                               @ EOM(1)
	.byte	0                               @ EOM(2)
	.byte	30                              @ Abbreviation Code
	.byte	5                               @ DW_TAG_formal_parameter
	.byte	0                               @ DW_CHILDREN_no
	.byte	2                               @ DW_AT_location
	.byte	24                              @ DW_FORM_exprloc
	.byte	3                               @ DW_AT_name
	.byte	14                              @ DW_FORM_strp
	.byte	58                              @ DW_AT_decl_file
	.byte	11                              @ DW_FORM_data1
	.byte	59                              @ DW_AT_decl_line
	.byte	5                               @ DW_FORM_data2
	.byte	73                              @ DW_AT_type
	.byte	19                              @ DW_FORM_ref4
	.byte	0                               @ EOM(1)
	.byte	0                               @ EOM(2)
	.byte	31                              @ Abbreviation Code
	.byte	46                              @ DW_TAG_subprogram
	.byte	1                               @ DW_CHILDREN_yes
	.byte	17                              @ DW_AT_low_pc
	.byte	1                               @ DW_FORM_addr
	.byte	18                              @ DW_AT_high_pc
	.byte	6                               @ DW_FORM_data4
	.byte	64                              @ DW_AT_frame_base
	.byte	24                              @ DW_FORM_exprloc
	.byte	3                               @ DW_AT_name
	.byte	14                              @ DW_FORM_strp
	.byte	58                              @ DW_AT_decl_file
	.byte	11                              @ DW_FORM_data1
	.byte	59                              @ DW_AT_decl_line
	.byte	5                               @ DW_FORM_data2
	.byte	39                              @ DW_AT_prototyped
	.byte	25                              @ DW_FORM_flag_present
	.byte	73                              @ DW_AT_type
	.byte	19                              @ DW_FORM_ref4
	.byte	63                              @ DW_AT_external
	.byte	25                              @ DW_FORM_flag_present
	.byte	0                               @ EOM(1)
	.byte	0                               @ EOM(2)
	.byte	32                              @ Abbreviation Code
	.byte	46                              @ DW_TAG_subprogram
	.byte	0                               @ DW_CHILDREN_no
	.byte	17                              @ DW_AT_low_pc
	.byte	1                               @ DW_FORM_addr
	.byte	18                              @ DW_AT_high_pc
	.byte	6                               @ DW_FORM_data4
	.byte	64                              @ DW_AT_frame_base
	.byte	24                              @ DW_FORM_exprloc
	.byte	3                               @ DW_AT_name
	.byte	14                              @ DW_FORM_strp
	.byte	58                              @ DW_AT_decl_file
	.byte	11                              @ DW_FORM_data1
	.byte	59                              @ DW_AT_decl_line
	.byte	5                               @ DW_FORM_data2
	.byte	39                              @ DW_AT_prototyped
	.byte	25                              @ DW_FORM_flag_present
	.byte	63                              @ DW_AT_external
	.byte	25                              @ DW_FORM_flag_present
	.byte	0                               @ EOM(1)
	.byte	0                               @ EOM(2)
	.byte	33                              @ Abbreviation Code
	.byte	46                              @ DW_TAG_subprogram
	.byte	0                               @ DW_CHILDREN_no
	.byte	17                              @ DW_AT_low_pc
	.byte	1                               @ DW_FORM_addr
	.byte	18                              @ DW_AT_high_pc
	.byte	6                               @ DW_FORM_data4
	.byte	64                              @ DW_AT_frame_base
	.byte	24                              @ DW_FORM_exprloc
	.byte	3                               @ DW_AT_name
	.byte	14                              @ DW_FORM_strp
	.byte	58                              @ DW_AT_decl_file
	.byte	11                              @ DW_FORM_data1
	.byte	59                              @ DW_AT_decl_line
	.byte	5                               @ DW_FORM_data2
	.byte	39                              @ DW_AT_prototyped
	.byte	25                              @ DW_FORM_flag_present
	.byte	73                              @ DW_AT_type
	.byte	19                              @ DW_FORM_ref4
	.byte	63                              @ DW_AT_external
	.byte	25                              @ DW_FORM_flag_present
	.byte	0                               @ EOM(1)
	.byte	0                               @ EOM(2)
	.byte	34                              @ Abbreviation Code
	.byte	46                              @ DW_TAG_subprogram
	.byte	1                               @ DW_CHILDREN_yes
	.byte	17                              @ DW_AT_low_pc
	.byte	1                               @ DW_FORM_addr
	.byte	18                              @ DW_AT_high_pc
	.byte	6                               @ DW_FORM_data4
	.byte	64                              @ DW_AT_frame_base
	.byte	24                              @ DW_FORM_exprloc
	.byte	3                               @ DW_AT_name
	.byte	14                              @ DW_FORM_strp
	.byte	58                              @ DW_AT_decl_file
	.byte	11                              @ DW_FORM_data1
	.byte	59                              @ DW_AT_decl_line
	.byte	5                               @ DW_FORM_data2
	.byte	39                              @ DW_AT_prototyped
	.byte	25                              @ DW_FORM_flag_present
	.byte	73                              @ DW_AT_type
	.byte	19                              @ DW_FORM_ref4
	.byte	0                               @ EOM(1)
	.byte	0                               @ EOM(2)
	.byte	35                              @ Abbreviation Code
	.byte	46                              @ DW_TAG_subprogram
	.byte	1                               @ DW_CHILDREN_yes
	.byte	17                              @ DW_AT_low_pc
	.byte	1                               @ DW_FORM_addr
	.byte	18                              @ DW_AT_high_pc
	.byte	6                               @ DW_FORM_data4
	.byte	64                              @ DW_AT_frame_base
	.byte	24                              @ DW_FORM_exprloc
	.byte	3                               @ DW_AT_name
	.byte	14                              @ DW_FORM_strp
	.byte	58                              @ DW_AT_decl_file
	.byte	11                              @ DW_FORM_data1
	.byte	59                              @ DW_AT_decl_line
	.byte	5                               @ DW_FORM_data2
	.byte	39                              @ DW_AT_prototyped
	.byte	25                              @ DW_FORM_flag_present
	.byte	0                               @ EOM(1)
	.byte	0                               @ EOM(2)
	.byte	0                               @ EOM(3)
	.section	.debug_info,"",%progbits
.Lcu_begin0:
	.long	.Ldebug_info_end0-.Ldebug_info_start0 @ Length of Unit
.Ldebug_info_start0:
	.short	4                               @ DWARF version number
	.long	.debug_abbrev                   @ Offset Into Abbrev. Section
	.byte	4                               @ Address Size (in bytes)
	.byte	1                               @ Abbrev [1] 0xb:0xfb2 DW_TAG_compile_unit
	.long	.Linfo_string0                  @ DW_AT_producer
	.short	12                              @ DW_AT_language
	.long	.Linfo_string1                  @ DW_AT_name
	.long	.Lline_table_start0             @ DW_AT_stmt_list
	.long	.Linfo_string2                  @ DW_AT_comp_dir
	.long	.Lfunc_begin0                   @ DW_AT_low_pc
	.long	.Lfunc_end27-.Lfunc_begin0      @ DW_AT_high_pc
	.byte	2                               @ Abbrev [2] 0x26:0x93 DW_TAG_subprogram
	.long	.Lfunc_begin23                  @ DW_AT_low_pc
	.long	.Lfunc_end23-.Lfunc_begin23     @ DW_AT_high_pc
	.byte	1                               @ DW_AT_frame_base
	.byte	93
	.long	.Linfo_string267                @ DW_AT_name
	.byte	2                               @ DW_AT_decl_file
	.short	427                             @ DW_AT_decl_line
                                        @ DW_AT_prototyped
                                        @ DW_AT_external
	.byte	3                               @ Abbrev [3] 0x38:0x12 DW_TAG_variable
	.long	.Linfo_string3                  @ DW_AT_name
	.long	185                             @ DW_AT_type
	.byte	2                               @ DW_AT_decl_file
	.short	429                             @ DW_AT_decl_line
	.byte	5                               @ DW_AT_location
	.byte	3
	.long	processUartReceive.waitingForControlByte
	.byte	4                               @ Abbrev [4] 0x4a:0xf DW_TAG_variable
	.byte	2                               @ DW_AT_location
	.byte	145
	.byte	7
	.long	.Linfo_string278                @ DW_AT_name
	.byte	2                               @ DW_AT_decl_file
	.short	430                             @ DW_AT_decl_line
	.long	229                             @ DW_AT_type
	.byte	5                               @ Abbrev [5] 0x59:0x5f DW_TAG_lexical_block
	.long	.Ltmp77                         @ DW_AT_low_pc
	.long	.Ltmp96-.Ltmp77                 @ DW_AT_high_pc
	.byte	4                               @ Abbrev [4] 0x62:0xf DW_TAG_variable
	.byte	2                               @ DW_AT_location
	.byte	145
	.byte	6
	.long	.Linfo_string279                @ DW_AT_name
	.byte	2                               @ DW_AT_decl_file
	.short	434                             @ DW_AT_decl_line
	.long	185                             @ DW_AT_type
	.byte	5                               @ Abbrev [5] 0x71:0x46 DW_TAG_lexical_block
	.long	.Ltmp87                         @ DW_AT_low_pc
	.long	.Ltmp96-.Ltmp87                 @ DW_AT_high_pc
	.byte	4                               @ Abbrev [4] 0x7a:0xf DW_TAG_variable
	.byte	2                               @ DW_AT_location
	.byte	145
	.byte	5
	.long	.Linfo_string280                @ DW_AT_name
	.byte	2                               @ DW_AT_decl_file
	.short	459                             @ DW_AT_decl_line
	.long	185                             @ DW_AT_type
	.byte	4                               @ Abbrev [4] 0x89:0xf DW_TAG_variable
	.byte	2                               @ DW_AT_location
	.byte	145
	.byte	4
	.long	.Linfo_string281                @ DW_AT_name
	.byte	2                               @ DW_AT_decl_file
	.short	460                             @ DW_AT_decl_line
	.long	185                             @ DW_AT_type
	.byte	4                               @ Abbrev [4] 0x98:0xf DW_TAG_variable
	.byte	2                               @ DW_AT_location
	.byte	145
	.byte	3
	.long	.Linfo_string282                @ DW_AT_name
	.byte	2                               @ DW_AT_decl_file
	.short	461                             @ DW_AT_decl_line
	.long	185                             @ DW_AT_type
	.byte	4                               @ Abbrev [4] 0xa7:0xf DW_TAG_variable
	.byte	2                               @ DW_AT_location
	.byte	145
	.byte	2
	.long	.Linfo_string283                @ DW_AT_name
	.byte	2                               @ DW_AT_decl_file
	.short	462                             @ DW_AT_decl_line
	.long	185                             @ DW_AT_type
	.byte	0                               @ End Of Children Mark
	.byte	0                               @ End Of Children Mark
	.byte	0                               @ End Of Children Mark
	.byte	6                               @ Abbrev [6] 0xb9:0xb DW_TAG_typedef
	.long	196                             @ DW_AT_type
	.long	.Linfo_string5                  @ DW_AT_name
	.byte	1                               @ DW_AT_decl_file
	.byte	62                              @ DW_AT_decl_line
	.byte	7                               @ Abbrev [7] 0xc4:0x7 DW_TAG_base_type
	.long	.Linfo_string4                  @ DW_AT_name
	.byte	8                               @ DW_AT_encoding
	.byte	1                               @ DW_AT_byte_size
	.byte	8                               @ Abbrev [8] 0xcb:0xe DW_TAG_variable
	.long	217                             @ DW_AT_type
	.byte	2                               @ DW_AT_decl_file
	.short	516                             @ DW_AT_decl_line
	.byte	5                               @ DW_AT_location
	.byte	3
	.long	.L.str
	.byte	9                               @ Abbrev [9] 0xd9:0xc DW_TAG_array_type
	.long	229                             @ DW_AT_type
	.byte	10                              @ Abbrev [10] 0xde:0x6 DW_TAG_subrange_type
	.long	236                             @ DW_AT_type
	.byte	8                               @ DW_AT_count
	.byte	0                               @ End Of Children Mark
	.byte	7                               @ Abbrev [7] 0xe5:0x7 DW_TAG_base_type
	.long	.Linfo_string6                  @ DW_AT_name
	.byte	8                               @ DW_AT_encoding
	.byte	1                               @ DW_AT_byte_size
	.byte	11                              @ Abbrev [11] 0xec:0x7 DW_TAG_base_type
	.long	.Linfo_string7                  @ DW_AT_name
	.byte	8                               @ DW_AT_byte_size
	.byte	7                               @ DW_AT_encoding
	.byte	8                               @ Abbrev [8] 0xf3:0xe DW_TAG_variable
	.long	257                             @ DW_AT_type
	.byte	2                               @ DW_AT_decl_file
	.short	546                             @ DW_AT_decl_line
	.byte	5                               @ DW_AT_location
	.byte	3
	.long	.L.str.1
	.byte	9                               @ Abbrev [9] 0x101:0xc DW_TAG_array_type
	.long	229                             @ DW_AT_type
	.byte	10                              @ Abbrev [10] 0x106:0x6 DW_TAG_subrange_type
	.long	236                             @ DW_AT_type
	.byte	30                              @ DW_AT_count
	.byte	0                               @ End Of Children Mark
	.byte	12                              @ Abbrev [12] 0x10d:0x11 DW_TAG_variable
	.long	.Linfo_string8                  @ DW_AT_name
	.long	286                             @ DW_AT_type
	.byte	2                               @ DW_AT_decl_file
	.byte	75                              @ DW_AT_decl_line
	.byte	5                               @ DW_AT_location
	.byte	3
	.long	lightOutput
	.byte	13                              @ Abbrev [13] 0x11e:0x5 DW_TAG_volatile_type
	.long	185                             @ DW_AT_type
	.byte	12                              @ Abbrev [12] 0x123:0x11 DW_TAG_variable
	.long	.Linfo_string9                  @ DW_AT_name
	.long	286                             @ DW_AT_type
	.byte	2                               @ DW_AT_decl_file
	.byte	76                              @ DW_AT_decl_line
	.byte	5                               @ DW_AT_location
	.byte	3
	.long	heaterOutput
	.byte	12                              @ Abbrev [12] 0x134:0x11 DW_TAG_variable
	.long	.Linfo_string10                 @ DW_AT_name
	.long	286                             @ DW_AT_type
	.byte	2                               @ DW_AT_decl_file
	.byte	77                              @ DW_AT_decl_line
	.byte	5                               @ DW_AT_location
	.byte	3
	.long	coolingOutput
	.byte	12                              @ Abbrev [12] 0x145:0x11 DW_TAG_variable
	.long	.Linfo_string11                 @ DW_AT_name
	.long	286                             @ DW_AT_type
	.byte	2                               @ DW_AT_decl_file
	.byte	78                              @ DW_AT_decl_line
	.byte	5                               @ DW_AT_location
	.byte	3
	.long	fanOutput
	.byte	12                              @ Abbrev [12] 0x156:0x11 DW_TAG_variable
	.long	.Linfo_string12                 @ DW_AT_name
	.long	359                             @ DW_AT_type
	.byte	2                               @ DW_AT_decl_file
	.byte	80                              @ DW_AT_decl_line
	.byte	5                               @ DW_AT_location
	.byte	3
	.long	msTicks
	.byte	13                              @ Abbrev [13] 0x167:0x5 DW_TAG_volatile_type
	.long	364                             @ DW_AT_type
	.byte	6                               @ Abbrev [6] 0x16c:0xb DW_TAG_typedef
	.long	375                             @ DW_AT_type
	.long	.Linfo_string14                 @ DW_AT_name
	.byte	1                               @ DW_AT_decl_file
	.byte	64                              @ DW_AT_decl_line
	.byte	7                               @ Abbrev [7] 0x177:0x7 DW_TAG_base_type
	.long	.Linfo_string13                 @ DW_AT_name
	.byte	7                               @ DW_AT_encoding
	.byte	4                               @ DW_AT_byte_size
	.byte	12                              @ Abbrev [12] 0x17e:0x11 DW_TAG_variable
	.long	.Linfo_string15                 @ DW_AT_name
	.long	359                             @ DW_AT_type
	.byte	2                               @ DW_AT_decl_file
	.byte	81                              @ DW_AT_decl_line
	.byte	5                               @ DW_AT_location
	.byte	3
	.long	uartClimateOverrideUntil
	.byte	12                              @ Abbrev [12] 0x18f:0x11 DW_TAG_variable
	.long	.Linfo_string16                 @ DW_AT_name
	.long	416                             @ DW_AT_type
	.byte	2                               @ DW_AT_decl_file
	.byte	83                              @ DW_AT_decl_line
	.byte	5                               @ DW_AT_location
	.byte	3
	.long	currentTemperature
	.byte	13                              @ Abbrev [13] 0x1a0:0x5 DW_TAG_volatile_type
	.long	421                             @ DW_AT_type
	.byte	7                               @ Abbrev [7] 0x1a5:0x7 DW_TAG_base_type
	.long	.Linfo_string17                 @ DW_AT_name
	.byte	4                               @ DW_AT_encoding
	.byte	4                               @ DW_AT_byte_size
	.byte	14                              @ Abbrev [14] 0x1ac:0x276 DW_TAG_enumeration_type
	.long	1058                            @ DW_AT_type
	.byte	4                               @ DW_AT_byte_size
	.byte	3                               @ DW_AT_decl_file
	.byte	85                              @ DW_AT_decl_line
	.byte	15                              @ Abbrev [15] 0x1b4:0x6 DW_TAG_enumerator
	.long	.Linfo_string19                 @ DW_AT_name
	.byte	114                             @ DW_AT_const_value
	.byte	15                              @ Abbrev [15] 0x1ba:0x6 DW_TAG_enumerator
	.long	.Linfo_string20                 @ DW_AT_name
	.byte	116                             @ DW_AT_const_value
	.byte	15                              @ Abbrev [15] 0x1c0:0x6 DW_TAG_enumerator
	.long	.Linfo_string21                 @ DW_AT_name
	.byte	117                             @ DW_AT_const_value
	.byte	15                              @ Abbrev [15] 0x1c6:0x6 DW_TAG_enumerator
	.long	.Linfo_string22                 @ DW_AT_name
	.byte	118                             @ DW_AT_const_value
	.byte	15                              @ Abbrev [15] 0x1cc:0x6 DW_TAG_enumerator
	.long	.Linfo_string23                 @ DW_AT_name
	.byte	123                             @ DW_AT_const_value
	.byte	15                              @ Abbrev [15] 0x1d2:0x6 DW_TAG_enumerator
	.long	.Linfo_string24                 @ DW_AT_name
	.byte	124                             @ DW_AT_const_value
	.byte	15                              @ Abbrev [15] 0x1d8:0x6 DW_TAG_enumerator
	.long	.Linfo_string25                 @ DW_AT_name
	.byte	126                             @ DW_AT_const_value
	.byte	15                              @ Abbrev [15] 0x1de:0x6 DW_TAG_enumerator
	.long	.Linfo_string26                 @ DW_AT_name
	.byte	127                             @ DW_AT_const_value
	.byte	15                              @ Abbrev [15] 0x1e4:0x6 DW_TAG_enumerator
	.long	.Linfo_string27                 @ DW_AT_name
	.byte	0                               @ DW_AT_const_value
	.byte	15                              @ Abbrev [15] 0x1ea:0x6 DW_TAG_enumerator
	.long	.Linfo_string28                 @ DW_AT_name
	.byte	1                               @ DW_AT_const_value
	.byte	15                              @ Abbrev [15] 0x1f0:0x6 DW_TAG_enumerator
	.long	.Linfo_string29                 @ DW_AT_name
	.byte	2                               @ DW_AT_const_value
	.byte	15                              @ Abbrev [15] 0x1f6:0x6 DW_TAG_enumerator
	.long	.Linfo_string30                 @ DW_AT_name
	.byte	3                               @ DW_AT_const_value
	.byte	15                              @ Abbrev [15] 0x1fc:0x6 DW_TAG_enumerator
	.long	.Linfo_string31                 @ DW_AT_name
	.byte	4                               @ DW_AT_const_value
	.byte	15                              @ Abbrev [15] 0x202:0x6 DW_TAG_enumerator
	.long	.Linfo_string32                 @ DW_AT_name
	.byte	5                               @ DW_AT_const_value
	.byte	15                              @ Abbrev [15] 0x208:0x6 DW_TAG_enumerator
	.long	.Linfo_string33                 @ DW_AT_name
	.byte	6                               @ DW_AT_const_value
	.byte	15                              @ Abbrev [15] 0x20e:0x6 DW_TAG_enumerator
	.long	.Linfo_string34                 @ DW_AT_name
	.byte	7                               @ DW_AT_const_value
	.byte	15                              @ Abbrev [15] 0x214:0x6 DW_TAG_enumerator
	.long	.Linfo_string35                 @ DW_AT_name
	.byte	8                               @ DW_AT_const_value
	.byte	15                              @ Abbrev [15] 0x21a:0x6 DW_TAG_enumerator
	.long	.Linfo_string36                 @ DW_AT_name
	.byte	9                               @ DW_AT_const_value
	.byte	15                              @ Abbrev [15] 0x220:0x6 DW_TAG_enumerator
	.long	.Linfo_string37                 @ DW_AT_name
	.byte	10                              @ DW_AT_const_value
	.byte	15                              @ Abbrev [15] 0x226:0x6 DW_TAG_enumerator
	.long	.Linfo_string38                 @ DW_AT_name
	.byte	11                              @ DW_AT_const_value
	.byte	15                              @ Abbrev [15] 0x22c:0x6 DW_TAG_enumerator
	.long	.Linfo_string39                 @ DW_AT_name
	.byte	12                              @ DW_AT_const_value
	.byte	15                              @ Abbrev [15] 0x232:0x6 DW_TAG_enumerator
	.long	.Linfo_string40                 @ DW_AT_name
	.byte	13                              @ DW_AT_const_value
	.byte	15                              @ Abbrev [15] 0x238:0x6 DW_TAG_enumerator
	.long	.Linfo_string41                 @ DW_AT_name
	.byte	14                              @ DW_AT_const_value
	.byte	15                              @ Abbrev [15] 0x23e:0x6 DW_TAG_enumerator
	.long	.Linfo_string42                 @ DW_AT_name
	.byte	15                              @ DW_AT_const_value
	.byte	15                              @ Abbrev [15] 0x244:0x6 DW_TAG_enumerator
	.long	.Linfo_string43                 @ DW_AT_name
	.byte	16                              @ DW_AT_const_value
	.byte	15                              @ Abbrev [15] 0x24a:0x6 DW_TAG_enumerator
	.long	.Linfo_string44                 @ DW_AT_name
	.byte	17                              @ DW_AT_const_value
	.byte	15                              @ Abbrev [15] 0x250:0x6 DW_TAG_enumerator
	.long	.Linfo_string45                 @ DW_AT_name
	.byte	18                              @ DW_AT_const_value
	.byte	15                              @ Abbrev [15] 0x256:0x6 DW_TAG_enumerator
	.long	.Linfo_string46                 @ DW_AT_name
	.byte	19                              @ DW_AT_const_value
	.byte	15                              @ Abbrev [15] 0x25c:0x6 DW_TAG_enumerator
	.long	.Linfo_string47                 @ DW_AT_name
	.byte	20                              @ DW_AT_const_value
	.byte	15                              @ Abbrev [15] 0x262:0x6 DW_TAG_enumerator
	.long	.Linfo_string48                 @ DW_AT_name
	.byte	21                              @ DW_AT_const_value
	.byte	15                              @ Abbrev [15] 0x268:0x6 DW_TAG_enumerator
	.long	.Linfo_string49                 @ DW_AT_name
	.byte	22                              @ DW_AT_const_value
	.byte	15                              @ Abbrev [15] 0x26e:0x6 DW_TAG_enumerator
	.long	.Linfo_string50                 @ DW_AT_name
	.byte	23                              @ DW_AT_const_value
	.byte	15                              @ Abbrev [15] 0x274:0x6 DW_TAG_enumerator
	.long	.Linfo_string51                 @ DW_AT_name
	.byte	24                              @ DW_AT_const_value
	.byte	15                              @ Abbrev [15] 0x27a:0x6 DW_TAG_enumerator
	.long	.Linfo_string52                 @ DW_AT_name
	.byte	25                              @ DW_AT_const_value
	.byte	15                              @ Abbrev [15] 0x280:0x6 DW_TAG_enumerator
	.long	.Linfo_string53                 @ DW_AT_name
	.byte	26                              @ DW_AT_const_value
	.byte	15                              @ Abbrev [15] 0x286:0x6 DW_TAG_enumerator
	.long	.Linfo_string54                 @ DW_AT_name
	.byte	27                              @ DW_AT_const_value
	.byte	15                              @ Abbrev [15] 0x28c:0x6 DW_TAG_enumerator
	.long	.Linfo_string55                 @ DW_AT_name
	.byte	28                              @ DW_AT_const_value
	.byte	15                              @ Abbrev [15] 0x292:0x6 DW_TAG_enumerator
	.long	.Linfo_string56                 @ DW_AT_name
	.byte	29                              @ DW_AT_const_value
	.byte	15                              @ Abbrev [15] 0x298:0x6 DW_TAG_enumerator
	.long	.Linfo_string57                 @ DW_AT_name
	.byte	30                              @ DW_AT_const_value
	.byte	15                              @ Abbrev [15] 0x29e:0x6 DW_TAG_enumerator
	.long	.Linfo_string58                 @ DW_AT_name
	.byte	31                              @ DW_AT_const_value
	.byte	15                              @ Abbrev [15] 0x2a4:0x6 DW_TAG_enumerator
	.long	.Linfo_string59                 @ DW_AT_name
	.byte	32                              @ DW_AT_const_value
	.byte	15                              @ Abbrev [15] 0x2aa:0x6 DW_TAG_enumerator
	.long	.Linfo_string60                 @ DW_AT_name
	.byte	33                              @ DW_AT_const_value
	.byte	15                              @ Abbrev [15] 0x2b0:0x6 DW_TAG_enumerator
	.long	.Linfo_string61                 @ DW_AT_name
	.byte	34                              @ DW_AT_const_value
	.byte	15                              @ Abbrev [15] 0x2b6:0x6 DW_TAG_enumerator
	.long	.Linfo_string62                 @ DW_AT_name
	.byte	35                              @ DW_AT_const_value
	.byte	15                              @ Abbrev [15] 0x2bc:0x6 DW_TAG_enumerator
	.long	.Linfo_string63                 @ DW_AT_name
	.byte	36                              @ DW_AT_const_value
	.byte	15                              @ Abbrev [15] 0x2c2:0x6 DW_TAG_enumerator
	.long	.Linfo_string64                 @ DW_AT_name
	.byte	37                              @ DW_AT_const_value
	.byte	15                              @ Abbrev [15] 0x2c8:0x6 DW_TAG_enumerator
	.long	.Linfo_string65                 @ DW_AT_name
	.byte	38                              @ DW_AT_const_value
	.byte	15                              @ Abbrev [15] 0x2ce:0x6 DW_TAG_enumerator
	.long	.Linfo_string66                 @ DW_AT_name
	.byte	39                              @ DW_AT_const_value
	.byte	15                              @ Abbrev [15] 0x2d4:0x6 DW_TAG_enumerator
	.long	.Linfo_string67                 @ DW_AT_name
	.byte	40                              @ DW_AT_const_value
	.byte	15                              @ Abbrev [15] 0x2da:0x6 DW_TAG_enumerator
	.long	.Linfo_string68                 @ DW_AT_name
	.byte	41                              @ DW_AT_const_value
	.byte	15                              @ Abbrev [15] 0x2e0:0x6 DW_TAG_enumerator
	.long	.Linfo_string69                 @ DW_AT_name
	.byte	42                              @ DW_AT_const_value
	.byte	15                              @ Abbrev [15] 0x2e6:0x6 DW_TAG_enumerator
	.long	.Linfo_string70                 @ DW_AT_name
	.byte	43                              @ DW_AT_const_value
	.byte	15                              @ Abbrev [15] 0x2ec:0x6 DW_TAG_enumerator
	.long	.Linfo_string71                 @ DW_AT_name
	.byte	44                              @ DW_AT_const_value
	.byte	15                              @ Abbrev [15] 0x2f2:0x6 DW_TAG_enumerator
	.long	.Linfo_string72                 @ DW_AT_name
	.byte	45                              @ DW_AT_const_value
	.byte	15                              @ Abbrev [15] 0x2f8:0x6 DW_TAG_enumerator
	.long	.Linfo_string73                 @ DW_AT_name
	.byte	46                              @ DW_AT_const_value
	.byte	15                              @ Abbrev [15] 0x2fe:0x6 DW_TAG_enumerator
	.long	.Linfo_string74                 @ DW_AT_name
	.byte	47                              @ DW_AT_const_value
	.byte	15                              @ Abbrev [15] 0x304:0x6 DW_TAG_enumerator
	.long	.Linfo_string75                 @ DW_AT_name
	.byte	48                              @ DW_AT_const_value
	.byte	15                              @ Abbrev [15] 0x30a:0x6 DW_TAG_enumerator
	.long	.Linfo_string76                 @ DW_AT_name
	.byte	49                              @ DW_AT_const_value
	.byte	15                              @ Abbrev [15] 0x310:0x6 DW_TAG_enumerator
	.long	.Linfo_string77                 @ DW_AT_name
	.byte	50                              @ DW_AT_const_value
	.byte	15                              @ Abbrev [15] 0x316:0x6 DW_TAG_enumerator
	.long	.Linfo_string78                 @ DW_AT_name
	.byte	51                              @ DW_AT_const_value
	.byte	15                              @ Abbrev [15] 0x31c:0x6 DW_TAG_enumerator
	.long	.Linfo_string79                 @ DW_AT_name
	.byte	52                              @ DW_AT_const_value
	.byte	15                              @ Abbrev [15] 0x322:0x6 DW_TAG_enumerator
	.long	.Linfo_string80                 @ DW_AT_name
	.byte	53                              @ DW_AT_const_value
	.byte	15                              @ Abbrev [15] 0x328:0x6 DW_TAG_enumerator
	.long	.Linfo_string81                 @ DW_AT_name
	.byte	54                              @ DW_AT_const_value
	.byte	15                              @ Abbrev [15] 0x32e:0x6 DW_TAG_enumerator
	.long	.Linfo_string82                 @ DW_AT_name
	.byte	55                              @ DW_AT_const_value
	.byte	15                              @ Abbrev [15] 0x334:0x6 DW_TAG_enumerator
	.long	.Linfo_string83                 @ DW_AT_name
	.byte	56                              @ DW_AT_const_value
	.byte	15                              @ Abbrev [15] 0x33a:0x6 DW_TAG_enumerator
	.long	.Linfo_string84                 @ DW_AT_name
	.byte	57                              @ DW_AT_const_value
	.byte	15                              @ Abbrev [15] 0x340:0x6 DW_TAG_enumerator
	.long	.Linfo_string85                 @ DW_AT_name
	.byte	58                              @ DW_AT_const_value
	.byte	15                              @ Abbrev [15] 0x346:0x6 DW_TAG_enumerator
	.long	.Linfo_string86                 @ DW_AT_name
	.byte	59                              @ DW_AT_const_value
	.byte	15                              @ Abbrev [15] 0x34c:0x6 DW_TAG_enumerator
	.long	.Linfo_string87                 @ DW_AT_name
	.byte	60                              @ DW_AT_const_value
	.byte	15                              @ Abbrev [15] 0x352:0x6 DW_TAG_enumerator
	.long	.Linfo_string88                 @ DW_AT_name
	.byte	61                              @ DW_AT_const_value
	.byte	15                              @ Abbrev [15] 0x358:0x6 DW_TAG_enumerator
	.long	.Linfo_string89                 @ DW_AT_name
	.byte	62                              @ DW_AT_const_value
	.byte	15                              @ Abbrev [15] 0x35e:0x6 DW_TAG_enumerator
	.long	.Linfo_string90                 @ DW_AT_name
	.byte	63                              @ DW_AT_const_value
	.byte	15                              @ Abbrev [15] 0x364:0x7 DW_TAG_enumerator
	.long	.Linfo_string91                 @ DW_AT_name
	.asciz	"\300"                          @ DW_AT_const_value
	.byte	15                              @ Abbrev [15] 0x36b:0x7 DW_TAG_enumerator
	.long	.Linfo_string92                 @ DW_AT_name
	.asciz	"\301"                          @ DW_AT_const_value
	.byte	15                              @ Abbrev [15] 0x372:0x7 DW_TAG_enumerator
	.long	.Linfo_string93                 @ DW_AT_name
	.asciz	"\302"                          @ DW_AT_const_value
	.byte	15                              @ Abbrev [15] 0x379:0x7 DW_TAG_enumerator
	.long	.Linfo_string94                 @ DW_AT_name
	.asciz	"\303"                          @ DW_AT_const_value
	.byte	15                              @ Abbrev [15] 0x380:0x7 DW_TAG_enumerator
	.long	.Linfo_string95                 @ DW_AT_name
	.asciz	"\304"                          @ DW_AT_const_value
	.byte	15                              @ Abbrev [15] 0x387:0x7 DW_TAG_enumerator
	.long	.Linfo_string96                 @ DW_AT_name
	.asciz	"\305"                          @ DW_AT_const_value
	.byte	15                              @ Abbrev [15] 0x38e:0x7 DW_TAG_enumerator
	.long	.Linfo_string97                 @ DW_AT_name
	.asciz	"\306"                          @ DW_AT_const_value
	.byte	15                              @ Abbrev [15] 0x395:0x7 DW_TAG_enumerator
	.long	.Linfo_string98                 @ DW_AT_name
	.asciz	"\307"                          @ DW_AT_const_value
	.byte	15                              @ Abbrev [15] 0x39c:0x7 DW_TAG_enumerator
	.long	.Linfo_string99                 @ DW_AT_name
	.asciz	"\310"                          @ DW_AT_const_value
	.byte	15                              @ Abbrev [15] 0x3a3:0x7 DW_TAG_enumerator
	.long	.Linfo_string100                @ DW_AT_name
	.asciz	"\311"                          @ DW_AT_const_value
	.byte	15                              @ Abbrev [15] 0x3aa:0x7 DW_TAG_enumerator
	.long	.Linfo_string101                @ DW_AT_name
	.asciz	"\312"                          @ DW_AT_const_value
	.byte	15                              @ Abbrev [15] 0x3b1:0x7 DW_TAG_enumerator
	.long	.Linfo_string102                @ DW_AT_name
	.asciz	"\313"                          @ DW_AT_const_value
	.byte	15                              @ Abbrev [15] 0x3b8:0x7 DW_TAG_enumerator
	.long	.Linfo_string103                @ DW_AT_name
	.asciz	"\314"                          @ DW_AT_const_value
	.byte	15                              @ Abbrev [15] 0x3bf:0x7 DW_TAG_enumerator
	.long	.Linfo_string104                @ DW_AT_name
	.asciz	"\315"                          @ DW_AT_const_value
	.byte	15                              @ Abbrev [15] 0x3c6:0x7 DW_TAG_enumerator
	.long	.Linfo_string105                @ DW_AT_name
	.asciz	"\316"                          @ DW_AT_const_value
	.byte	15                              @ Abbrev [15] 0x3cd:0x7 DW_TAG_enumerator
	.long	.Linfo_string106                @ DW_AT_name
	.asciz	"\317"                          @ DW_AT_const_value
	.byte	15                              @ Abbrev [15] 0x3d4:0x7 DW_TAG_enumerator
	.long	.Linfo_string107                @ DW_AT_name
	.asciz	"\320"                          @ DW_AT_const_value
	.byte	15                              @ Abbrev [15] 0x3db:0x7 DW_TAG_enumerator
	.long	.Linfo_string108                @ DW_AT_name
	.asciz	"\321"                          @ DW_AT_const_value
	.byte	15                              @ Abbrev [15] 0x3e2:0x7 DW_TAG_enumerator
	.long	.Linfo_string109                @ DW_AT_name
	.asciz	"\322"                          @ DW_AT_const_value
	.byte	15                              @ Abbrev [15] 0x3e9:0x7 DW_TAG_enumerator
	.long	.Linfo_string110                @ DW_AT_name
	.asciz	"\323"                          @ DW_AT_const_value
	.byte	15                              @ Abbrev [15] 0x3f0:0x7 DW_TAG_enumerator
	.long	.Linfo_string111                @ DW_AT_name
	.asciz	"\324"                          @ DW_AT_const_value
	.byte	15                              @ Abbrev [15] 0x3f7:0x7 DW_TAG_enumerator
	.long	.Linfo_string112                @ DW_AT_name
	.asciz	"\325"                          @ DW_AT_const_value
	.byte	15                              @ Abbrev [15] 0x3fe:0x7 DW_TAG_enumerator
	.long	.Linfo_string113                @ DW_AT_name
	.asciz	"\326"                          @ DW_AT_const_value
	.byte	15                              @ Abbrev [15] 0x405:0x7 DW_TAG_enumerator
	.long	.Linfo_string114                @ DW_AT_name
	.asciz	"\327"                          @ DW_AT_const_value
	.byte	15                              @ Abbrev [15] 0x40c:0x7 DW_TAG_enumerator
	.long	.Linfo_string115                @ DW_AT_name
	.asciz	"\330"                          @ DW_AT_const_value
	.byte	15                              @ Abbrev [15] 0x413:0x7 DW_TAG_enumerator
	.long	.Linfo_string116                @ DW_AT_name
	.asciz	"\331"                          @ DW_AT_const_value
	.byte	15                              @ Abbrev [15] 0x41a:0x7 DW_TAG_enumerator
	.long	.Linfo_string117                @ DW_AT_name
	.asciz	"\332"                          @ DW_AT_const_value
	.byte	0                               @ End Of Children Mark
	.byte	7                               @ Abbrev [7] 0x422:0x7 DW_TAG_base_type
	.long	.Linfo_string18                 @ DW_AT_name
	.byte	5                               @ DW_AT_encoding
	.byte	4                               @ DW_AT_byte_size
	.byte	16                              @ Abbrev [16] 0x429:0x5 DW_TAG_pointer_type
	.long	1070                            @ DW_AT_type
	.byte	17                              @ Abbrev [17] 0x42e:0xc DW_TAG_typedef
	.long	1082                            @ DW_AT_type
	.long	.Linfo_string150                @ DW_AT_name
	.byte	3                               @ DW_AT_decl_file
	.short	746                             @ DW_AT_decl_line
	.byte	18                              @ Abbrev [18] 0x43a:0x1a6 DW_TAG_structure_type
	.byte	144                             @ DW_AT_byte_size
	.byte	3                               @ DW_AT_decl_file
	.short	712                             @ DW_AT_decl_line
	.byte	19                              @ Abbrev [19] 0x43f:0xd DW_TAG_member
	.long	.Linfo_string118                @ DW_AT_name
	.long	359                             @ DW_AT_type
	.byte	3                               @ DW_AT_decl_file
	.short	714                             @ DW_AT_decl_line
	.byte	0                               @ DW_AT_data_member_location
	.byte	19                              @ Abbrev [19] 0x44c:0xd DW_TAG_member
	.long	.Linfo_string119                @ DW_AT_name
	.long	359                             @ DW_AT_type
	.byte	3                               @ DW_AT_decl_file
	.short	715                             @ DW_AT_decl_line
	.byte	4                               @ DW_AT_data_member_location
	.byte	19                              @ Abbrev [19] 0x459:0xd DW_TAG_member
	.long	.Linfo_string120                @ DW_AT_name
	.long	359                             @ DW_AT_type
	.byte	3                               @ DW_AT_decl_file
	.short	716                             @ DW_AT_decl_line
	.byte	8                               @ DW_AT_data_member_location
	.byte	19                              @ Abbrev [19] 0x466:0xd DW_TAG_member
	.long	.Linfo_string121                @ DW_AT_name
	.long	359                             @ DW_AT_type
	.byte	3                               @ DW_AT_decl_file
	.short	717                             @ DW_AT_decl_line
	.byte	12                              @ DW_AT_data_member_location
	.byte	19                              @ Abbrev [19] 0x473:0xd DW_TAG_member
	.long	.Linfo_string122                @ DW_AT_name
	.long	359                             @ DW_AT_type
	.byte	3                               @ DW_AT_decl_file
	.short	718                             @ DW_AT_decl_line
	.byte	16                              @ DW_AT_data_member_location
	.byte	19                              @ Abbrev [19] 0x480:0xd DW_TAG_member
	.long	.Linfo_string123                @ DW_AT_name
	.long	359                             @ DW_AT_type
	.byte	3                               @ DW_AT_decl_file
	.short	719                             @ DW_AT_decl_line
	.byte	20                              @ DW_AT_data_member_location
	.byte	19                              @ Abbrev [19] 0x48d:0xd DW_TAG_member
	.long	.Linfo_string124                @ DW_AT_name
	.long	359                             @ DW_AT_type
	.byte	3                               @ DW_AT_decl_file
	.short	720                             @ DW_AT_decl_line
	.byte	24                              @ DW_AT_data_member_location
	.byte	19                              @ Abbrev [19] 0x49a:0xd DW_TAG_member
	.long	.Linfo_string125                @ DW_AT_name
	.long	364                             @ DW_AT_type
	.byte	3                               @ DW_AT_decl_file
	.short	721                             @ DW_AT_decl_line
	.byte	28                              @ DW_AT_data_member_location
	.byte	19                              @ Abbrev [19] 0x4a7:0xd DW_TAG_member
	.long	.Linfo_string126                @ DW_AT_name
	.long	359                             @ DW_AT_type
	.byte	3                               @ DW_AT_decl_file
	.short	722                             @ DW_AT_decl_line
	.byte	32                              @ DW_AT_data_member_location
	.byte	19                              @ Abbrev [19] 0x4b4:0xd DW_TAG_member
	.long	.Linfo_string127                @ DW_AT_name
	.long	359                             @ DW_AT_type
	.byte	3                               @ DW_AT_decl_file
	.short	723                             @ DW_AT_decl_line
	.byte	36                              @ DW_AT_data_member_location
	.byte	19                              @ Abbrev [19] 0x4c1:0xd DW_TAG_member
	.long	.Linfo_string128                @ DW_AT_name
	.long	1504                            @ DW_AT_type
	.byte	3                               @ DW_AT_decl_file
	.short	724                             @ DW_AT_decl_line
	.byte	40                              @ DW_AT_data_member_location
	.byte	19                              @ Abbrev [19] 0x4ce:0xd DW_TAG_member
	.long	.Linfo_string129                @ DW_AT_name
	.long	359                             @ DW_AT_type
	.byte	3                               @ DW_AT_decl_file
	.short	725                             @ DW_AT_decl_line
	.byte	48                              @ DW_AT_data_member_location
	.byte	19                              @ Abbrev [19] 0x4db:0xd DW_TAG_member
	.long	.Linfo_string130                @ DW_AT_name
	.long	359                             @ DW_AT_type
	.byte	3                               @ DW_AT_decl_file
	.short	726                             @ DW_AT_decl_line
	.byte	52                              @ DW_AT_data_member_location
	.byte	19                              @ Abbrev [19] 0x4e8:0xd DW_TAG_member
	.long	.Linfo_string131                @ DW_AT_name
	.long	359                             @ DW_AT_type
	.byte	3                               @ DW_AT_decl_file
	.short	727                             @ DW_AT_decl_line
	.byte	56                              @ DW_AT_data_member_location
	.byte	19                              @ Abbrev [19] 0x4f5:0xd DW_TAG_member
	.long	.Linfo_string132                @ DW_AT_name
	.long	364                             @ DW_AT_type
	.byte	3                               @ DW_AT_decl_file
	.short	728                             @ DW_AT_decl_line
	.byte	60                              @ DW_AT_data_member_location
	.byte	19                              @ Abbrev [19] 0x502:0xd DW_TAG_member
	.long	.Linfo_string133                @ DW_AT_name
	.long	359                             @ DW_AT_type
	.byte	3                               @ DW_AT_decl_file
	.short	729                             @ DW_AT_decl_line
	.byte	64                              @ DW_AT_data_member_location
	.byte	19                              @ Abbrev [19] 0x50f:0xd DW_TAG_member
	.long	.Linfo_string134                @ DW_AT_name
	.long	359                             @ DW_AT_type
	.byte	3                               @ DW_AT_decl_file
	.short	730                             @ DW_AT_decl_line
	.byte	68                              @ DW_AT_data_member_location
	.byte	19                              @ Abbrev [19] 0x51c:0xd DW_TAG_member
	.long	.Linfo_string135                @ DW_AT_name
	.long	1504                            @ DW_AT_type
	.byte	3                               @ DW_AT_decl_file
	.short	731                             @ DW_AT_decl_line
	.byte	72                              @ DW_AT_data_member_location
	.byte	19                              @ Abbrev [19] 0x529:0xd DW_TAG_member
	.long	.Linfo_string136                @ DW_AT_name
	.long	359                             @ DW_AT_type
	.byte	3                               @ DW_AT_decl_file
	.short	732                             @ DW_AT_decl_line
	.byte	80                              @ DW_AT_data_member_location
	.byte	19                              @ Abbrev [19] 0x536:0xd DW_TAG_member
	.long	.Linfo_string137                @ DW_AT_name
	.long	359                             @ DW_AT_type
	.byte	3                               @ DW_AT_decl_file
	.short	733                             @ DW_AT_decl_line
	.byte	84                              @ DW_AT_data_member_location
	.byte	19                              @ Abbrev [19] 0x543:0xd DW_TAG_member
	.long	.Linfo_string138                @ DW_AT_name
	.long	359                             @ DW_AT_type
	.byte	3                               @ DW_AT_decl_file
	.short	734                             @ DW_AT_decl_line
	.byte	88                              @ DW_AT_data_member_location
	.byte	19                              @ Abbrev [19] 0x550:0xd DW_TAG_member
	.long	.Linfo_string139                @ DW_AT_name
	.long	364                             @ DW_AT_type
	.byte	3                               @ DW_AT_decl_file
	.short	735                             @ DW_AT_decl_line
	.byte	92                              @ DW_AT_data_member_location
	.byte	19                              @ Abbrev [19] 0x55d:0xd DW_TAG_member
	.long	.Linfo_string140                @ DW_AT_name
	.long	359                             @ DW_AT_type
	.byte	3                               @ DW_AT_decl_file
	.short	736                             @ DW_AT_decl_line
	.byte	96                              @ DW_AT_data_member_location
	.byte	19                              @ Abbrev [19] 0x56a:0xd DW_TAG_member
	.long	.Linfo_string141                @ DW_AT_name
	.long	359                             @ DW_AT_type
	.byte	3                               @ DW_AT_decl_file
	.short	737                             @ DW_AT_decl_line
	.byte	100                             @ DW_AT_data_member_location
	.byte	19                              @ Abbrev [19] 0x577:0xd DW_TAG_member
	.long	.Linfo_string142                @ DW_AT_name
	.long	1504                            @ DW_AT_type
	.byte	3                               @ DW_AT_decl_file
	.short	738                             @ DW_AT_decl_line
	.byte	104                             @ DW_AT_data_member_location
	.byte	19                              @ Abbrev [19] 0x584:0xd DW_TAG_member
	.long	.Linfo_string143                @ DW_AT_name
	.long	359                             @ DW_AT_type
	.byte	3                               @ DW_AT_decl_file
	.short	739                             @ DW_AT_decl_line
	.byte	112                             @ DW_AT_data_member_location
	.byte	19                              @ Abbrev [19] 0x591:0xd DW_TAG_member
	.long	.Linfo_string144                @ DW_AT_name
	.long	359                             @ DW_AT_type
	.byte	3                               @ DW_AT_decl_file
	.short	740                             @ DW_AT_decl_line
	.byte	116                             @ DW_AT_data_member_location
	.byte	19                              @ Abbrev [19] 0x59e:0xd DW_TAG_member
	.long	.Linfo_string145                @ DW_AT_name
	.long	1504                            @ DW_AT_type
	.byte	3                               @ DW_AT_decl_file
	.short	741                             @ DW_AT_decl_line
	.byte	120                             @ DW_AT_data_member_location
	.byte	19                              @ Abbrev [19] 0x5ab:0xd DW_TAG_member
	.long	.Linfo_string146                @ DW_AT_name
	.long	359                             @ DW_AT_type
	.byte	3                               @ DW_AT_decl_file
	.short	742                             @ DW_AT_decl_line
	.byte	128                             @ DW_AT_data_member_location
	.byte	19                              @ Abbrev [19] 0x5b8:0xd DW_TAG_member
	.long	.Linfo_string147                @ DW_AT_name
	.long	359                             @ DW_AT_type
	.byte	3                               @ DW_AT_decl_file
	.short	743                             @ DW_AT_decl_line
	.byte	132                             @ DW_AT_data_member_location
	.byte	19                              @ Abbrev [19] 0x5c5:0xd DW_TAG_member
	.long	.Linfo_string148                @ DW_AT_name
	.long	359                             @ DW_AT_type
	.byte	3                               @ DW_AT_decl_file
	.short	744                             @ DW_AT_decl_line
	.byte	136                             @ DW_AT_data_member_location
	.byte	19                              @ Abbrev [19] 0x5d2:0xd DW_TAG_member
	.long	.Linfo_string149                @ DW_AT_name
	.long	359                             @ DW_AT_type
	.byte	3                               @ DW_AT_decl_file
	.short	745                             @ DW_AT_decl_line
	.byte	140                             @ DW_AT_data_member_location
	.byte	0                               @ End Of Children Mark
	.byte	9                               @ Abbrev [9] 0x5e0:0xc DW_TAG_array_type
	.long	364                             @ DW_AT_type
	.byte	10                              @ Abbrev [10] 0x5e5:0x6 DW_TAG_subrange_type
	.long	236                             @ DW_AT_type
	.byte	2                               @ DW_AT_count
	.byte	0                               @ End Of Children Mark
	.byte	16                              @ Abbrev [16] 0x5ec:0x5 DW_TAG_pointer_type
	.long	1521                            @ DW_AT_type
	.byte	17                              @ Abbrev [17] 0x5f1:0xc DW_TAG_typedef
	.long	1533                            @ DW_AT_type
	.long	.Linfo_string160                @ DW_AT_name
	.byte	3                               @ DW_AT_decl_file
	.short	606                             @ DW_AT_decl_line
	.byte	18                              @ Abbrev [18] 0x5fd:0x7b DW_TAG_structure_type
	.byte	40                              @ DW_AT_byte_size
	.byte	3                               @ DW_AT_decl_file
	.short	595                             @ DW_AT_decl_line
	.byte	19                              @ Abbrev [19] 0x602:0xd DW_TAG_member
	.long	.Linfo_string151                @ DW_AT_name
	.long	359                             @ DW_AT_type
	.byte	3                               @ DW_AT_decl_file
	.short	597                             @ DW_AT_decl_line
	.byte	0                               @ DW_AT_data_member_location
	.byte	19                              @ Abbrev [19] 0x60f:0xd DW_TAG_member
	.long	.Linfo_string152                @ DW_AT_name
	.long	359                             @ DW_AT_type
	.byte	3                               @ DW_AT_decl_file
	.short	598                             @ DW_AT_decl_line
	.byte	4                               @ DW_AT_data_member_location
	.byte	19                              @ Abbrev [19] 0x61c:0xd DW_TAG_member
	.long	.Linfo_string153                @ DW_AT_name
	.long	359                             @ DW_AT_type
	.byte	3                               @ DW_AT_decl_file
	.short	599                             @ DW_AT_decl_line
	.byte	8                               @ DW_AT_data_member_location
	.byte	19                              @ Abbrev [19] 0x629:0xd DW_TAG_member
	.long	.Linfo_string154                @ DW_AT_name
	.long	359                             @ DW_AT_type
	.byte	3                               @ DW_AT_decl_file
	.short	600                             @ DW_AT_decl_line
	.byte	12                              @ DW_AT_data_member_location
	.byte	19                              @ Abbrev [19] 0x636:0xd DW_TAG_member
	.long	.Linfo_string155                @ DW_AT_name
	.long	359                             @ DW_AT_type
	.byte	3                               @ DW_AT_decl_file
	.short	601                             @ DW_AT_decl_line
	.byte	16                              @ DW_AT_data_member_location
	.byte	19                              @ Abbrev [19] 0x643:0xd DW_TAG_member
	.long	.Linfo_string156                @ DW_AT_name
	.long	359                             @ DW_AT_type
	.byte	3                               @ DW_AT_decl_file
	.short	602                             @ DW_AT_decl_line
	.byte	20                              @ DW_AT_data_member_location
	.byte	19                              @ Abbrev [19] 0x650:0xd DW_TAG_member
	.long	.Linfo_string157                @ DW_AT_name
	.long	359                             @ DW_AT_type
	.byte	3                               @ DW_AT_decl_file
	.short	603                             @ DW_AT_decl_line
	.byte	24                              @ DW_AT_data_member_location
	.byte	19                              @ Abbrev [19] 0x65d:0xd DW_TAG_member
	.long	.Linfo_string158                @ DW_AT_name
	.long	359                             @ DW_AT_type
	.byte	3                               @ DW_AT_decl_file
	.short	604                             @ DW_AT_decl_line
	.byte	28                              @ DW_AT_data_member_location
	.byte	19                              @ Abbrev [19] 0x66a:0xd DW_TAG_member
	.long	.Linfo_string159                @ DW_AT_name
	.long	1656                            @ DW_AT_type
	.byte	3                               @ DW_AT_decl_file
	.short	605                             @ DW_AT_decl_line
	.byte	32                              @ DW_AT_data_member_location
	.byte	0                               @ End Of Children Mark
	.byte	9                               @ Abbrev [9] 0x678:0xc DW_TAG_array_type
	.long	359                             @ DW_AT_type
	.byte	10                              @ Abbrev [10] 0x67d:0x6 DW_TAG_subrange_type
	.long	236                             @ DW_AT_type
	.byte	2                               @ DW_AT_count
	.byte	0                               @ End Of Children Mark
	.byte	16                              @ Abbrev [16] 0x684:0x5 DW_TAG_pointer_type
	.long	1673                            @ DW_AT_type
	.byte	17                              @ Abbrev [17] 0x689:0xc DW_TAG_typedef
	.long	1685                            @ DW_AT_type
	.long	.Linfo_string182                @ DW_AT_name
	.byte	3                               @ DW_AT_decl_file
	.short	890                             @ DW_AT_decl_line
	.byte	18                              @ Abbrev [18] 0x695:0x117 DW_TAG_structure_type
	.byte	84                              @ DW_AT_byte_size
	.byte	3                               @ DW_AT_decl_file
	.short	867                             @ DW_AT_decl_line
	.byte	19                              @ Abbrev [19] 0x69a:0xd DW_TAG_member
	.long	.Linfo_string161                @ DW_AT_name
	.long	359                             @ DW_AT_type
	.byte	3                               @ DW_AT_decl_file
	.short	869                             @ DW_AT_decl_line
	.byte	0                               @ DW_AT_data_member_location
	.byte	19                              @ Abbrev [19] 0x6a7:0xd DW_TAG_member
	.long	.Linfo_string162                @ DW_AT_name
	.long	359                             @ DW_AT_type
	.byte	3                               @ DW_AT_decl_file
	.short	870                             @ DW_AT_decl_line
	.byte	4                               @ DW_AT_data_member_location
	.byte	19                              @ Abbrev [19] 0x6b4:0xd DW_TAG_member
	.long	.Linfo_string163                @ DW_AT_name
	.long	359                             @ DW_AT_type
	.byte	3                               @ DW_AT_decl_file
	.short	871                             @ DW_AT_decl_line
	.byte	8                               @ DW_AT_data_member_location
	.byte	19                              @ Abbrev [19] 0x6c1:0xd DW_TAG_member
	.long	.Linfo_string164                @ DW_AT_name
	.long	359                             @ DW_AT_type
	.byte	3                               @ DW_AT_decl_file
	.short	872                             @ DW_AT_decl_line
	.byte	12                              @ DW_AT_data_member_location
	.byte	19                              @ Abbrev [19] 0x6ce:0xd DW_TAG_member
	.long	.Linfo_string165                @ DW_AT_name
	.long	359                             @ DW_AT_type
	.byte	3                               @ DW_AT_decl_file
	.short	873                             @ DW_AT_decl_line
	.byte	16                              @ DW_AT_data_member_location
	.byte	19                              @ Abbrev [19] 0x6db:0xd DW_TAG_member
	.long	.Linfo_string166                @ DW_AT_name
	.long	359                             @ DW_AT_type
	.byte	3                               @ DW_AT_decl_file
	.short	874                             @ DW_AT_decl_line
	.byte	20                              @ DW_AT_data_member_location
	.byte	19                              @ Abbrev [19] 0x6e8:0xd DW_TAG_member
	.long	.Linfo_string167                @ DW_AT_name
	.long	359                             @ DW_AT_type
	.byte	3                               @ DW_AT_decl_file
	.short	875                             @ DW_AT_decl_line
	.byte	24                              @ DW_AT_data_member_location
	.byte	19                              @ Abbrev [19] 0x6f5:0xd DW_TAG_member
	.long	.Linfo_string168                @ DW_AT_name
	.long	359                             @ DW_AT_type
	.byte	3                               @ DW_AT_decl_file
	.short	876                             @ DW_AT_decl_line
	.byte	28                              @ DW_AT_data_member_location
	.byte	19                              @ Abbrev [19] 0x702:0xd DW_TAG_member
	.long	.Linfo_string169                @ DW_AT_name
	.long	359                             @ DW_AT_type
	.byte	3                               @ DW_AT_decl_file
	.short	877                             @ DW_AT_decl_line
	.byte	32                              @ DW_AT_data_member_location
	.byte	19                              @ Abbrev [19] 0x70f:0xd DW_TAG_member
	.long	.Linfo_string170                @ DW_AT_name
	.long	359                             @ DW_AT_type
	.byte	3                               @ DW_AT_decl_file
	.short	878                             @ DW_AT_decl_line
	.byte	36                              @ DW_AT_data_member_location
	.byte	19                              @ Abbrev [19] 0x71c:0xd DW_TAG_member
	.long	.Linfo_string171                @ DW_AT_name
	.long	359                             @ DW_AT_type
	.byte	3                               @ DW_AT_decl_file
	.short	879                             @ DW_AT_decl_line
	.byte	40                              @ DW_AT_data_member_location
	.byte	19                              @ Abbrev [19] 0x729:0xd DW_TAG_member
	.long	.Linfo_string172                @ DW_AT_name
	.long	359                             @ DW_AT_type
	.byte	3                               @ DW_AT_decl_file
	.short	880                             @ DW_AT_decl_line
	.byte	44                              @ DW_AT_data_member_location
	.byte	19                              @ Abbrev [19] 0x736:0xd DW_TAG_member
	.long	.Linfo_string173                @ DW_AT_name
	.long	359                             @ DW_AT_type
	.byte	3                               @ DW_AT_decl_file
	.short	881                             @ DW_AT_decl_line
	.byte	48                              @ DW_AT_data_member_location
	.byte	19                              @ Abbrev [19] 0x743:0xd DW_TAG_member
	.long	.Linfo_string174                @ DW_AT_name
	.long	359                             @ DW_AT_type
	.byte	3                               @ DW_AT_decl_file
	.short	882                             @ DW_AT_decl_line
	.byte	52                              @ DW_AT_data_member_location
	.byte	19                              @ Abbrev [19] 0x750:0xd DW_TAG_member
	.long	.Linfo_string175                @ DW_AT_name
	.long	359                             @ DW_AT_type
	.byte	3                               @ DW_AT_decl_file
	.short	883                             @ DW_AT_decl_line
	.byte	56                              @ DW_AT_data_member_location
	.byte	19                              @ Abbrev [19] 0x75d:0xd DW_TAG_member
	.long	.Linfo_string176                @ DW_AT_name
	.long	359                             @ DW_AT_type
	.byte	3                               @ DW_AT_decl_file
	.short	884                             @ DW_AT_decl_line
	.byte	60                              @ DW_AT_data_member_location
	.byte	19                              @ Abbrev [19] 0x76a:0xd DW_TAG_member
	.long	.Linfo_string177                @ DW_AT_name
	.long	359                             @ DW_AT_type
	.byte	3                               @ DW_AT_decl_file
	.short	885                             @ DW_AT_decl_line
	.byte	64                              @ DW_AT_data_member_location
	.byte	19                              @ Abbrev [19] 0x777:0xd DW_TAG_member
	.long	.Linfo_string178                @ DW_AT_name
	.long	359                             @ DW_AT_type
	.byte	3                               @ DW_AT_decl_file
	.short	886                             @ DW_AT_decl_line
	.byte	68                              @ DW_AT_data_member_location
	.byte	19                              @ Abbrev [19] 0x784:0xd DW_TAG_member
	.long	.Linfo_string179                @ DW_AT_name
	.long	359                             @ DW_AT_type
	.byte	3                               @ DW_AT_decl_file
	.short	887                             @ DW_AT_decl_line
	.byte	72                              @ DW_AT_data_member_location
	.byte	19                              @ Abbrev [19] 0x791:0xd DW_TAG_member
	.long	.Linfo_string180                @ DW_AT_name
	.long	359                             @ DW_AT_type
	.byte	3                               @ DW_AT_decl_file
	.short	888                             @ DW_AT_decl_line
	.byte	76                              @ DW_AT_data_member_location
	.byte	19                              @ Abbrev [19] 0x79e:0xd DW_TAG_member
	.long	.Linfo_string181                @ DW_AT_name
	.long	359                             @ DW_AT_type
	.byte	3                               @ DW_AT_decl_file
	.short	889                             @ DW_AT_decl_line
	.byte	80                              @ DW_AT_data_member_location
	.byte	0                               @ End Of Children Mark
	.byte	16                              @ Abbrev [16] 0x7ac:0x5 DW_TAG_pointer_type
	.long	1969                            @ DW_AT_type
	.byte	17                              @ Abbrev [17] 0x7b1:0xc DW_TAG_typedef
	.long	1981                            @ DW_AT_type
	.long	.Linfo_string187                @ DW_AT_name
	.byte	3                               @ DW_AT_decl_file
	.short	905                             @ DW_AT_decl_line
	.byte	18                              @ Abbrev [18] 0x7bd:0x61 DW_TAG_structure_type
	.byte	28                              @ DW_AT_byte_size
	.byte	3                               @ DW_AT_decl_file
	.short	896                             @ DW_AT_decl_line
	.byte	19                              @ Abbrev [19] 0x7c2:0xd DW_TAG_member
	.long	.Linfo_string165                @ DW_AT_name
	.long	359                             @ DW_AT_type
	.byte	3                               @ DW_AT_decl_file
	.short	898                             @ DW_AT_decl_line
	.byte	0                               @ DW_AT_data_member_location
	.byte	19                              @ Abbrev [19] 0x7cf:0xd DW_TAG_member
	.long	.Linfo_string183                @ DW_AT_name
	.long	359                             @ DW_AT_type
	.byte	3                               @ DW_AT_decl_file
	.short	899                             @ DW_AT_decl_line
	.byte	4                               @ DW_AT_data_member_location
	.byte	19                              @ Abbrev [19] 0x7dc:0xd DW_TAG_member
	.long	.Linfo_string184                @ DW_AT_name
	.long	359                             @ DW_AT_type
	.byte	3                               @ DW_AT_decl_file
	.short	900                             @ DW_AT_decl_line
	.byte	8                               @ DW_AT_data_member_location
	.byte	19                              @ Abbrev [19] 0x7e9:0xd DW_TAG_member
	.long	.Linfo_string161                @ DW_AT_name
	.long	359                             @ DW_AT_type
	.byte	3                               @ DW_AT_decl_file
	.short	901                             @ DW_AT_decl_line
	.byte	12                              @ DW_AT_data_member_location
	.byte	19                              @ Abbrev [19] 0x7f6:0xd DW_TAG_member
	.long	.Linfo_string162                @ DW_AT_name
	.long	359                             @ DW_AT_type
	.byte	3                               @ DW_AT_decl_file
	.short	902                             @ DW_AT_decl_line
	.byte	16                              @ DW_AT_data_member_location
	.byte	19                              @ Abbrev [19] 0x803:0xd DW_TAG_member
	.long	.Linfo_string185                @ DW_AT_name
	.long	359                             @ DW_AT_type
	.byte	3                               @ DW_AT_decl_file
	.short	903                             @ DW_AT_decl_line
	.byte	20                              @ DW_AT_data_member_location
	.byte	19                              @ Abbrev [19] 0x810:0xd DW_TAG_member
	.long	.Linfo_string186                @ DW_AT_name
	.long	359                             @ DW_AT_type
	.byte	3                               @ DW_AT_decl_file
	.short	904                             @ DW_AT_decl_line
	.byte	24                              @ DW_AT_data_member_location
	.byte	0                               @ End Of Children Mark
	.byte	16                              @ Abbrev [16] 0x81e:0x5 DW_TAG_pointer_type
	.long	2083                            @ DW_AT_type
	.byte	6                               @ Abbrev [6] 0x823:0xb DW_TAG_typedef
	.long	2094                            @ DW_AT_type
	.long	.Linfo_string190                @ DW_AT_name
	.byte	3                               @ DW_AT_decl_file
	.byte	236                             @ DW_AT_decl_line
	.byte	20                              @ Abbrev [20] 0x82e:0x29 DW_TAG_structure_type
	.byte	12                              @ DW_AT_byte_size
	.byte	3                               @ DW_AT_decl_file
	.byte	230                             @ DW_AT_decl_line
	.byte	21                              @ Abbrev [21] 0x832:0xc DW_TAG_member
	.long	.Linfo_string144                @ DW_AT_name
	.long	359                             @ DW_AT_type
	.byte	3                               @ DW_AT_decl_file
	.byte	232                             @ DW_AT_decl_line
	.byte	0                               @ DW_AT_data_member_location
	.byte	21                              @ Abbrev [21] 0x83e:0xc DW_TAG_member
	.long	.Linfo_string188                @ DW_AT_name
	.long	359                             @ DW_AT_type
	.byte	3                               @ DW_AT_decl_file
	.byte	233                             @ DW_AT_decl_line
	.byte	4                               @ DW_AT_data_member_location
	.byte	21                              @ Abbrev [21] 0x84a:0xc DW_TAG_member
	.long	.Linfo_string189                @ DW_AT_name
	.long	359                             @ DW_AT_type
	.byte	3                               @ DW_AT_decl_file
	.byte	234                             @ DW_AT_decl_line
	.byte	8                               @ DW_AT_data_member_location
	.byte	0                               @ End Of Children Mark
	.byte	16                              @ Abbrev [16] 0x857:0x5 DW_TAG_pointer_type
	.long	2140                            @ DW_AT_type
	.byte	6                               @ Abbrev [6] 0x85c:0xb DW_TAG_typedef
	.long	2151                            @ DW_AT_type
	.long	.Linfo_string207                @ DW_AT_name
	.byte	3                               @ DW_AT_decl_file
	.byte	228                             @ DW_AT_decl_line
	.byte	20                              @ Abbrev [20] 0x867:0xf5 DW_TAG_structure_type
	.byte	80                              @ DW_AT_byte_size
	.byte	3                               @ DW_AT_decl_file
	.byte	206                             @ DW_AT_decl_line
	.byte	21                              @ Abbrev [21] 0x86b:0xc DW_TAG_member
	.long	.Linfo_string165                @ DW_AT_name
	.long	359                             @ DW_AT_type
	.byte	3                               @ DW_AT_decl_file
	.byte	208                             @ DW_AT_decl_line
	.byte	0                               @ DW_AT_data_member_location
	.byte	21                              @ Abbrev [21] 0x877:0xc DW_TAG_member
	.long	.Linfo_string161                @ DW_AT_name
	.long	359                             @ DW_AT_type
	.byte	3                               @ DW_AT_decl_file
	.byte	209                             @ DW_AT_decl_line
	.byte	4                               @ DW_AT_data_member_location
	.byte	21                              @ Abbrev [21] 0x883:0xc DW_TAG_member
	.long	.Linfo_string162                @ DW_AT_name
	.long	359                             @ DW_AT_type
	.byte	3                               @ DW_AT_decl_file
	.byte	210                             @ DW_AT_decl_line
	.byte	8                               @ DW_AT_data_member_location
	.byte	21                              @ Abbrev [21] 0x88f:0xc DW_TAG_member
	.long	.Linfo_string191                @ DW_AT_name
	.long	359                             @ DW_AT_type
	.byte	3                               @ DW_AT_decl_file
	.byte	211                             @ DW_AT_decl_line
	.byte	12                              @ DW_AT_data_member_location
	.byte	21                              @ Abbrev [21] 0x89b:0xc DW_TAG_member
	.long	.Linfo_string192                @ DW_AT_name
	.long	359                             @ DW_AT_type
	.byte	3                               @ DW_AT_decl_file
	.byte	212                             @ DW_AT_decl_line
	.byte	16                              @ DW_AT_data_member_location
	.byte	21                              @ Abbrev [21] 0x8a7:0xc DW_TAG_member
	.long	.Linfo_string193                @ DW_AT_name
	.long	359                             @ DW_AT_type
	.byte	3                               @ DW_AT_decl_file
	.byte	213                             @ DW_AT_decl_line
	.byte	20                              @ DW_AT_data_member_location
	.byte	21                              @ Abbrev [21] 0x8b3:0xc DW_TAG_member
	.long	.Linfo_string194                @ DW_AT_name
	.long	359                             @ DW_AT_type
	.byte	3                               @ DW_AT_decl_file
	.byte	214                             @ DW_AT_decl_line
	.byte	24                              @ DW_AT_data_member_location
	.byte	21                              @ Abbrev [21] 0x8bf:0xc DW_TAG_member
	.long	.Linfo_string195                @ DW_AT_name
	.long	359                             @ DW_AT_type
	.byte	3                               @ DW_AT_decl_file
	.byte	215                             @ DW_AT_decl_line
	.byte	28                              @ DW_AT_data_member_location
	.byte	21                              @ Abbrev [21] 0x8cb:0xc DW_TAG_member
	.long	.Linfo_string196                @ DW_AT_name
	.long	359                             @ DW_AT_type
	.byte	3                               @ DW_AT_decl_file
	.byte	216                             @ DW_AT_decl_line
	.byte	32                              @ DW_AT_data_member_location
	.byte	21                              @ Abbrev [21] 0x8d7:0xc DW_TAG_member
	.long	.Linfo_string197                @ DW_AT_name
	.long	359                             @ DW_AT_type
	.byte	3                               @ DW_AT_decl_file
	.byte	217                             @ DW_AT_decl_line
	.byte	36                              @ DW_AT_data_member_location
	.byte	21                              @ Abbrev [21] 0x8e3:0xc DW_TAG_member
	.long	.Linfo_string198                @ DW_AT_name
	.long	359                             @ DW_AT_type
	.byte	3                               @ DW_AT_decl_file
	.byte	218                             @ DW_AT_decl_line
	.byte	40                              @ DW_AT_data_member_location
	.byte	21                              @ Abbrev [21] 0x8ef:0xc DW_TAG_member
	.long	.Linfo_string199                @ DW_AT_name
	.long	359                             @ DW_AT_type
	.byte	3                               @ DW_AT_decl_file
	.byte	219                             @ DW_AT_decl_line
	.byte	44                              @ DW_AT_data_member_location
	.byte	21                              @ Abbrev [21] 0x8fb:0xc DW_TAG_member
	.long	.Linfo_string200                @ DW_AT_name
	.long	359                             @ DW_AT_type
	.byte	3                               @ DW_AT_decl_file
	.byte	220                             @ DW_AT_decl_line
	.byte	48                              @ DW_AT_data_member_location
	.byte	21                              @ Abbrev [21] 0x907:0xc DW_TAG_member
	.long	.Linfo_string201                @ DW_AT_name
	.long	359                             @ DW_AT_type
	.byte	3                               @ DW_AT_decl_file
	.byte	221                             @ DW_AT_decl_line
	.byte	52                              @ DW_AT_data_member_location
	.byte	21                              @ Abbrev [21] 0x913:0xc DW_TAG_member
	.long	.Linfo_string202                @ DW_AT_name
	.long	359                             @ DW_AT_type
	.byte	3                               @ DW_AT_decl_file
	.byte	222                             @ DW_AT_decl_line
	.byte	56                              @ DW_AT_data_member_location
	.byte	21                              @ Abbrev [21] 0x91f:0xc DW_TAG_member
	.long	.Linfo_string203                @ DW_AT_name
	.long	359                             @ DW_AT_type
	.byte	3                               @ DW_AT_decl_file
	.byte	223                             @ DW_AT_decl_line
	.byte	60                              @ DW_AT_data_member_location
	.byte	21                              @ Abbrev [21] 0x92b:0xc DW_TAG_member
	.long	.Linfo_string204                @ DW_AT_name
	.long	359                             @ DW_AT_type
	.byte	3                               @ DW_AT_decl_file
	.byte	224                             @ DW_AT_decl_line
	.byte	64                              @ DW_AT_data_member_location
	.byte	21                              @ Abbrev [21] 0x937:0xc DW_TAG_member
	.long	.Linfo_string205                @ DW_AT_name
	.long	359                             @ DW_AT_type
	.byte	3                               @ DW_AT_decl_file
	.byte	225                             @ DW_AT_decl_line
	.byte	68                              @ DW_AT_data_member_location
	.byte	21                              @ Abbrev [21] 0x943:0xc DW_TAG_member
	.long	.Linfo_string206                @ DW_AT_name
	.long	359                             @ DW_AT_type
	.byte	3                               @ DW_AT_decl_file
	.byte	226                             @ DW_AT_decl_line
	.byte	72                              @ DW_AT_data_member_location
	.byte	21                              @ Abbrev [21] 0x94f:0xc DW_TAG_member
	.long	.Linfo_string183                @ DW_AT_name
	.long	359                             @ DW_AT_type
	.byte	3                               @ DW_AT_decl_file
	.byte	227                             @ DW_AT_decl_line
	.byte	76                              @ DW_AT_data_member_location
	.byte	0                               @ End Of Children Mark
	.byte	6                               @ Abbrev [6] 0x95c:0xb DW_TAG_typedef
	.long	2407                            @ DW_AT_type
	.long	.Linfo_string209                @ DW_AT_name
	.byte	1                               @ DW_AT_decl_file
	.byte	63                              @ DW_AT_decl_line
	.byte	7                               @ Abbrev [7] 0x967:0x7 DW_TAG_base_type
	.long	.Linfo_string208                @ DW_AT_name
	.byte	7                               @ DW_AT_encoding
	.byte	2                               @ DW_AT_byte_size
	.byte	16                              @ Abbrev [16] 0x96e:0x5 DW_TAG_pointer_type
	.long	2419                            @ DW_AT_type
	.byte	17                              @ Abbrev [17] 0x973:0xc DW_TAG_typedef
	.long	2431                            @ DW_AT_type
	.long	.Linfo_string214                @ DW_AT_name
	.byte	4                               @ DW_AT_decl_file
	.short	770                             @ DW_AT_decl_line
	.byte	18                              @ Abbrev [18] 0x97f:0x3a DW_TAG_structure_type
	.byte	16                              @ DW_AT_byte_size
	.byte	4                               @ DW_AT_decl_file
	.short	764                             @ DW_AT_decl_line
	.byte	19                              @ Abbrev [19] 0x984:0xd DW_TAG_member
	.long	.Linfo_string210                @ DW_AT_name
	.long	359                             @ DW_AT_type
	.byte	4                               @ DW_AT_decl_file
	.short	766                             @ DW_AT_decl_line
	.byte	0                               @ DW_AT_data_member_location
	.byte	19                              @ Abbrev [19] 0x991:0xd DW_TAG_member
	.long	.Linfo_string211                @ DW_AT_name
	.long	359                             @ DW_AT_type
	.byte	4                               @ DW_AT_decl_file
	.short	767                             @ DW_AT_decl_line
	.byte	4                               @ DW_AT_data_member_location
	.byte	19                              @ Abbrev [19] 0x99e:0xd DW_TAG_member
	.long	.Linfo_string212                @ DW_AT_name
	.long	359                             @ DW_AT_type
	.byte	4                               @ DW_AT_decl_file
	.short	768                             @ DW_AT_decl_line
	.byte	8                               @ DW_AT_data_member_location
	.byte	19                              @ Abbrev [19] 0x9ab:0xd DW_TAG_member
	.long	.Linfo_string213                @ DW_AT_name
	.long	2489                            @ DW_AT_type
	.byte	4                               @ DW_AT_decl_file
	.short	769                             @ DW_AT_decl_line
	.byte	12                              @ DW_AT_data_member_location
	.byte	0                               @ End Of Children Mark
	.byte	22                              @ Abbrev [22] 0x9b9:0x5 DW_TAG_const_type
	.long	359                             @ DW_AT_type
	.byte	6                               @ Abbrev [6] 0x9be:0xb DW_TAG_typedef
	.long	1058                            @ DW_AT_type
	.long	.Linfo_string215                @ DW_AT_name
	.byte	1                               @ DW_AT_decl_file
	.byte	58                              @ DW_AT_decl_line
	.byte	16                              @ Abbrev [16] 0x9c9:0x5 DW_TAG_pointer_type
	.long	2510                            @ DW_AT_type
	.byte	17                              @ Abbrev [17] 0x9ce:0xc DW_TAG_typedef
	.long	2522                            @ DW_AT_type
	.long	.Linfo_string223                @ DW_AT_name
	.byte	4                               @ DW_AT_decl_file
	.short	426                             @ DW_AT_decl_line
	.byte	23                              @ Abbrev [23] 0x9da:0xb9 DW_TAG_structure_type
	.short	3588                            @ DW_AT_byte_size
	.byte	4                               @ DW_AT_decl_file
	.short	411                             @ DW_AT_decl_line
	.byte	19                              @ Abbrev [19] 0x9e0:0xd DW_TAG_member
	.long	.Linfo_string216                @ DW_AT_name
	.long	2707                            @ DW_AT_type
	.byte	4                               @ DW_AT_decl_file
	.short	413                             @ DW_AT_decl_line
	.byte	0                               @ DW_AT_data_member_location
	.byte	19                              @ Abbrev [19] 0x9ed:0xd DW_TAG_member
	.long	.Linfo_string125                @ DW_AT_name
	.long	2719                            @ DW_AT_type
	.byte	4                               @ DW_AT_decl_file
	.short	414                             @ DW_AT_decl_line
	.byte	32                              @ DW_AT_data_member_location
	.byte	19                              @ Abbrev [19] 0x9fa:0xd DW_TAG_member
	.long	.Linfo_string217                @ DW_AT_name
	.long	2707                            @ DW_AT_type
	.byte	4                               @ DW_AT_decl_file
	.short	415                             @ DW_AT_decl_line
	.byte	128                             @ DW_AT_data_member_location
	.byte	19                              @ Abbrev [19] 0xa07:0xd DW_TAG_member
	.long	.Linfo_string128                @ DW_AT_name
	.long	2719                            @ DW_AT_type
	.byte	4                               @ DW_AT_decl_file
	.short	416                             @ DW_AT_decl_line
	.byte	160                             @ DW_AT_data_member_location
	.byte	24                              @ Abbrev [24] 0xa14:0xe DW_TAG_member
	.long	.Linfo_string218                @ DW_AT_name
	.long	2707                            @ DW_AT_type
	.byte	4                               @ DW_AT_decl_file
	.short	417                             @ DW_AT_decl_line
	.short	256                             @ DW_AT_data_member_location
	.byte	24                              @ Abbrev [24] 0xa22:0xe DW_TAG_member
	.long	.Linfo_string132                @ DW_AT_name
	.long	2719                            @ DW_AT_type
	.byte	4                               @ DW_AT_decl_file
	.short	418                             @ DW_AT_decl_line
	.short	288                             @ DW_AT_data_member_location
	.byte	24                              @ Abbrev [24] 0xa30:0xe DW_TAG_member
	.long	.Linfo_string219                @ DW_AT_name
	.long	2707                            @ DW_AT_type
	.byte	4                               @ DW_AT_decl_file
	.short	419                             @ DW_AT_decl_line
	.short	384                             @ DW_AT_data_member_location
	.byte	24                              @ Abbrev [24] 0xa3e:0xe DW_TAG_member
	.long	.Linfo_string135                @ DW_AT_name
	.long	2719                            @ DW_AT_type
	.byte	4                               @ DW_AT_decl_file
	.short	420                             @ DW_AT_decl_line
	.short	416                             @ DW_AT_data_member_location
	.byte	24                              @ Abbrev [24] 0xa4c:0xe DW_TAG_member
	.long	.Linfo_string220                @ DW_AT_name
	.long	2707                            @ DW_AT_type
	.byte	4                               @ DW_AT_decl_file
	.short	421                             @ DW_AT_decl_line
	.short	512                             @ DW_AT_data_member_location
	.byte	24                              @ Abbrev [24] 0xa5a:0xe DW_TAG_member
	.long	.Linfo_string139                @ DW_AT_name
	.long	2731                            @ DW_AT_type
	.byte	4                               @ DW_AT_decl_file
	.short	422                             @ DW_AT_decl_line
	.short	544                             @ DW_AT_data_member_location
	.byte	24                              @ Abbrev [24] 0xa68:0xe DW_TAG_member
	.long	.Linfo_string221                @ DW_AT_name
	.long	2743                            @ DW_AT_type
	.byte	4                               @ DW_AT_decl_file
	.short	423                             @ DW_AT_decl_line
	.short	768                             @ DW_AT_data_member_location
	.byte	24                              @ Abbrev [24] 0xa76:0xe DW_TAG_member
	.long	.Linfo_string142                @ DW_AT_name
	.long	2755                            @ DW_AT_type
	.byte	4                               @ DW_AT_decl_file
	.short	424                             @ DW_AT_decl_line
	.short	1008                            @ DW_AT_data_member_location
	.byte	24                              @ Abbrev [24] 0xa84:0xe DW_TAG_member
	.long	.Linfo_string222                @ DW_AT_name
	.long	359                             @ DW_AT_type
	.byte	4                               @ DW_AT_decl_file
	.short	425                             @ DW_AT_decl_line
	.short	3584                            @ DW_AT_data_member_location
	.byte	0                               @ End Of Children Mark
	.byte	9                               @ Abbrev [9] 0xa93:0xc DW_TAG_array_type
	.long	359                             @ DW_AT_type
	.byte	10                              @ Abbrev [10] 0xa98:0x6 DW_TAG_subrange_type
	.long	236                             @ DW_AT_type
	.byte	8                               @ DW_AT_count
	.byte	0                               @ End Of Children Mark
	.byte	9                               @ Abbrev [9] 0xa9f:0xc DW_TAG_array_type
	.long	364                             @ DW_AT_type
	.byte	10                              @ Abbrev [10] 0xaa4:0x6 DW_TAG_subrange_type
	.long	236                             @ DW_AT_type
	.byte	24                              @ DW_AT_count
	.byte	0                               @ End Of Children Mark
	.byte	9                               @ Abbrev [9] 0xaab:0xc DW_TAG_array_type
	.long	364                             @ DW_AT_type
	.byte	10                              @ Abbrev [10] 0xab0:0x6 DW_TAG_subrange_type
	.long	236                             @ DW_AT_type
	.byte	56                              @ DW_AT_count
	.byte	0                               @ End Of Children Mark
	.byte	9                               @ Abbrev [9] 0xab7:0xc DW_TAG_array_type
	.long	286                             @ DW_AT_type
	.byte	10                              @ Abbrev [10] 0xabc:0x6 DW_TAG_subrange_type
	.long	236                             @ DW_AT_type
	.byte	240                             @ DW_AT_count
	.byte	0                               @ End Of Children Mark
	.byte	9                               @ Abbrev [9] 0xac3:0xd DW_TAG_array_type
	.long	364                             @ DW_AT_type
	.byte	25                              @ Abbrev [25] 0xac8:0x7 DW_TAG_subrange_type
	.long	236                             @ DW_AT_type
	.short	644                             @ DW_AT_count
	.byte	0                               @ End Of Children Mark
	.byte	16                              @ Abbrev [16] 0xad0:0x5 DW_TAG_pointer_type
	.long	2773                            @ DW_AT_type
	.byte	17                              @ Abbrev [17] 0xad5:0xc DW_TAG_typedef
	.long	2785                            @ DW_AT_type
	.long	.Linfo_string243                @ DW_AT_name
	.byte	4                               @ DW_AT_decl_file
	.short	468                             @ DW_AT_decl_line
	.byte	18                              @ Abbrev [18] 0xae1:0x117 DW_TAG_structure_type
	.byte	140                             @ DW_AT_byte_size
	.byte	4                               @ DW_AT_decl_file
	.short	445                             @ DW_AT_decl_line
	.byte	19                              @ Abbrev [19] 0xae6:0xd DW_TAG_member
	.long	.Linfo_string224                @ DW_AT_name
	.long	2489                            @ DW_AT_type
	.byte	4                               @ DW_AT_decl_file
	.short	447                             @ DW_AT_decl_line
	.byte	0                               @ DW_AT_data_member_location
	.byte	19                              @ Abbrev [19] 0xaf3:0xd DW_TAG_member
	.long	.Linfo_string225                @ DW_AT_name
	.long	359                             @ DW_AT_type
	.byte	4                               @ DW_AT_decl_file
	.short	448                             @ DW_AT_decl_line
	.byte	4                               @ DW_AT_data_member_location
	.byte	19                              @ Abbrev [19] 0xb00:0xd DW_TAG_member
	.long	.Linfo_string226                @ DW_AT_name
	.long	359                             @ DW_AT_type
	.byte	4                               @ DW_AT_decl_file
	.short	449                             @ DW_AT_decl_line
	.byte	8                               @ DW_AT_data_member_location
	.byte	19                              @ Abbrev [19] 0xb0d:0xd DW_TAG_member
	.long	.Linfo_string227                @ DW_AT_name
	.long	359                             @ DW_AT_type
	.byte	4                               @ DW_AT_decl_file
	.short	450                             @ DW_AT_decl_line
	.byte	12                              @ DW_AT_data_member_location
	.byte	19                              @ Abbrev [19] 0xb1a:0xd DW_TAG_member
	.long	.Linfo_string228                @ DW_AT_name
	.long	359                             @ DW_AT_type
	.byte	4                               @ DW_AT_decl_file
	.short	451                             @ DW_AT_decl_line
	.byte	16                              @ DW_AT_data_member_location
	.byte	19                              @ Abbrev [19] 0xb27:0xd DW_TAG_member
	.long	.Linfo_string188                @ DW_AT_name
	.long	359                             @ DW_AT_type
	.byte	4                               @ DW_AT_decl_file
	.short	452                             @ DW_AT_decl_line
	.byte	20                              @ DW_AT_data_member_location
	.byte	19                              @ Abbrev [19] 0xb34:0xd DW_TAG_member
	.long	.Linfo_string229                @ DW_AT_name
	.long	3064                            @ DW_AT_type
	.byte	4                               @ DW_AT_decl_file
	.short	453                             @ DW_AT_decl_line
	.byte	24                              @ DW_AT_data_member_location
	.byte	19                              @ Abbrev [19] 0xb41:0xd DW_TAG_member
	.long	.Linfo_string230                @ DW_AT_name
	.long	359                             @ DW_AT_type
	.byte	4                               @ DW_AT_decl_file
	.short	454                             @ DW_AT_decl_line
	.byte	36                              @ DW_AT_data_member_location
	.byte	19                              @ Abbrev [19] 0xb4e:0xd DW_TAG_member
	.long	.Linfo_string231                @ DW_AT_name
	.long	359                             @ DW_AT_type
	.byte	4                               @ DW_AT_decl_file
	.short	455                             @ DW_AT_decl_line
	.byte	40                              @ DW_AT_data_member_location
	.byte	19                              @ Abbrev [19] 0xb5b:0xd DW_TAG_member
	.long	.Linfo_string232                @ DW_AT_name
	.long	359                             @ DW_AT_type
	.byte	4                               @ DW_AT_decl_file
	.short	456                             @ DW_AT_decl_line
	.byte	44                              @ DW_AT_data_member_location
	.byte	19                              @ Abbrev [19] 0xb68:0xd DW_TAG_member
	.long	.Linfo_string233                @ DW_AT_name
	.long	359                             @ DW_AT_type
	.byte	4                               @ DW_AT_decl_file
	.short	457                             @ DW_AT_decl_line
	.byte	48                              @ DW_AT_data_member_location
	.byte	19                              @ Abbrev [19] 0xb75:0xd DW_TAG_member
	.long	.Linfo_string234                @ DW_AT_name
	.long	359                             @ DW_AT_type
	.byte	4                               @ DW_AT_decl_file
	.short	458                             @ DW_AT_decl_line
	.byte	52                              @ DW_AT_data_member_location
	.byte	19                              @ Abbrev [19] 0xb82:0xd DW_TAG_member
	.long	.Linfo_string235                @ DW_AT_name
	.long	359                             @ DW_AT_type
	.byte	4                               @ DW_AT_decl_file
	.short	459                             @ DW_AT_decl_line
	.byte	56                              @ DW_AT_data_member_location
	.byte	19                              @ Abbrev [19] 0xb8f:0xd DW_TAG_member
	.long	.Linfo_string236                @ DW_AT_name
	.long	359                             @ DW_AT_type
	.byte	4                               @ DW_AT_decl_file
	.short	460                             @ DW_AT_decl_line
	.byte	60                              @ DW_AT_data_member_location
	.byte	19                              @ Abbrev [19] 0xb9c:0xd DW_TAG_member
	.long	.Linfo_string237                @ DW_AT_name
	.long	3076                            @ DW_AT_type
	.byte	4                               @ DW_AT_decl_file
	.short	461                             @ DW_AT_decl_line
	.byte	64                              @ DW_AT_data_member_location
	.byte	19                              @ Abbrev [19] 0xba9:0xd DW_TAG_member
	.long	.Linfo_string238                @ DW_AT_name
	.long	2489                            @ DW_AT_type
	.byte	4                               @ DW_AT_decl_file
	.short	462                             @ DW_AT_decl_line
	.byte	72                              @ DW_AT_data_member_location
	.byte	19                              @ Abbrev [19] 0xbb6:0xd DW_TAG_member
	.long	.Linfo_string239                @ DW_AT_name
	.long	2489                            @ DW_AT_type
	.byte	4                               @ DW_AT_decl_file
	.short	463                             @ DW_AT_decl_line
	.byte	76                              @ DW_AT_data_member_location
	.byte	19                              @ Abbrev [19] 0xbc3:0xd DW_TAG_member
	.long	.Linfo_string240                @ DW_AT_name
	.long	3088                            @ DW_AT_type
	.byte	4                               @ DW_AT_decl_file
	.short	464                             @ DW_AT_decl_line
	.byte	80                              @ DW_AT_data_member_location
	.byte	19                              @ Abbrev [19] 0xbd0:0xd DW_TAG_member
	.long	.Linfo_string241                @ DW_AT_name
	.long	3100                            @ DW_AT_type
	.byte	4                               @ DW_AT_decl_file
	.short	465                             @ DW_AT_decl_line
	.byte	96                              @ DW_AT_data_member_location
	.byte	19                              @ Abbrev [19] 0xbdd:0xd DW_TAG_member
	.long	.Linfo_string125                @ DW_AT_name
	.long	3112                            @ DW_AT_type
	.byte	4                               @ DW_AT_decl_file
	.short	466                             @ DW_AT_decl_line
	.byte	116                             @ DW_AT_data_member_location
	.byte	19                              @ Abbrev [19] 0xbea:0xd DW_TAG_member
	.long	.Linfo_string242                @ DW_AT_name
	.long	359                             @ DW_AT_type
	.byte	4                               @ DW_AT_decl_file
	.short	467                             @ DW_AT_decl_line
	.byte	136                             @ DW_AT_data_member_location
	.byte	0                               @ End Of Children Mark
	.byte	9                               @ Abbrev [9] 0xbf8:0xc DW_TAG_array_type
	.long	286                             @ DW_AT_type
	.byte	10                              @ Abbrev [10] 0xbfd:0x6 DW_TAG_subrange_type
	.long	236                             @ DW_AT_type
	.byte	12                              @ DW_AT_count
	.byte	0                               @ End Of Children Mark
	.byte	9                               @ Abbrev [9] 0xc04:0xc DW_TAG_array_type
	.long	2489                            @ DW_AT_type
	.byte	10                              @ Abbrev [10] 0xc09:0x6 DW_TAG_subrange_type
	.long	236                             @ DW_AT_type
	.byte	2                               @ DW_AT_count
	.byte	0                               @ End Of Children Mark
	.byte	9                               @ Abbrev [9] 0xc10:0xc DW_TAG_array_type
	.long	2489                            @ DW_AT_type
	.byte	10                              @ Abbrev [10] 0xc15:0x6 DW_TAG_subrange_type
	.long	236                             @ DW_AT_type
	.byte	4                               @ DW_AT_count
	.byte	0                               @ End Of Children Mark
	.byte	9                               @ Abbrev [9] 0xc1c:0xc DW_TAG_array_type
	.long	2489                            @ DW_AT_type
	.byte	10                              @ Abbrev [10] 0xc21:0x6 DW_TAG_subrange_type
	.long	236                             @ DW_AT_type
	.byte	5                               @ DW_AT_count
	.byte	0                               @ End Of Children Mark
	.byte	9                               @ Abbrev [9] 0xc28:0xc DW_TAG_array_type
	.long	364                             @ DW_AT_type
	.byte	10                              @ Abbrev [10] 0xc2d:0x6 DW_TAG_subrange_type
	.long	236                             @ DW_AT_type
	.byte	5                               @ DW_AT_count
	.byte	0                               @ End Of Children Mark
	.byte	26                              @ Abbrev [26] 0xc34:0x20 DW_TAG_subprogram
	.long	.Lfunc_begin0                   @ DW_AT_low_pc
	.long	.Lfunc_end0-.Lfunc_begin0       @ DW_AT_high_pc
	.byte	1                               @ DW_AT_frame_base
	.byte	93
	.long	.Linfo_string244                @ DW_AT_name
	.byte	2                               @ DW_AT_decl_file
	.byte	86                              @ DW_AT_decl_line
                                        @ DW_AT_prototyped
                                        @ DW_AT_external
	.byte	27                              @ Abbrev [27] 0xc45:0xe DW_TAG_formal_parameter
	.byte	2                               @ DW_AT_location
	.byte	145
	.byte	0
	.long	.Linfo_string272                @ DW_AT_name
	.byte	2                               @ DW_AT_decl_file
	.byte	86                              @ DW_AT_decl_line
	.long	359                             @ DW_AT_type
	.byte	0                               @ End Of Children Mark
	.byte	28                              @ Abbrev [28] 0xc54:0x11 DW_TAG_subprogram
	.long	.Lfunc_begin1                   @ DW_AT_low_pc
	.long	.Lfunc_end1-.Lfunc_begin1       @ DW_AT_high_pc
	.byte	1                               @ DW_AT_frame_base
	.byte	93
	.long	.Linfo_string245                @ DW_AT_name
	.byte	2                               @ DW_AT_decl_file
	.byte	96                              @ DW_AT_decl_line
                                        @ DW_AT_prototyped
                                        @ DW_AT_external
	.byte	26                              @ Abbrev [26] 0xc65:0x2e DW_TAG_subprogram
	.long	.Lfunc_begin2                   @ DW_AT_low_pc
	.long	.Lfunc_end2-.Lfunc_begin2       @ DW_AT_high_pc
	.byte	1                               @ DW_AT_frame_base
	.byte	93
	.long	.Linfo_string246                @ DW_AT_name
	.byte	2                               @ DW_AT_decl_file
	.byte	111                             @ DW_AT_decl_line
                                        @ DW_AT_prototyped
                                        @ DW_AT_external
	.byte	27                              @ Abbrev [27] 0xc76:0xe DW_TAG_formal_parameter
	.byte	2                               @ DW_AT_location
	.byte	145
	.byte	4
	.long	.Linfo_string273                @ DW_AT_name
	.byte	2                               @ DW_AT_decl_file
	.byte	111                             @ DW_AT_decl_line
	.long	1516                            @ DW_AT_type
	.byte	27                              @ Abbrev [27] 0xc84:0xe DW_TAG_formal_parameter
	.byte	2                               @ DW_AT_location
	.byte	145
	.byte	3
	.long	.Linfo_string274                @ DW_AT_name
	.byte	2                               @ DW_AT_decl_file
	.byte	111                             @ DW_AT_decl_line
	.long	185                             @ DW_AT_type
	.byte	0                               @ End Of Children Mark
	.byte	26                              @ Abbrev [26] 0xc93:0x2e DW_TAG_subprogram
	.long	.Lfunc_begin3                   @ DW_AT_low_pc
	.long	.Lfunc_end3-.Lfunc_begin3       @ DW_AT_high_pc
	.byte	1                               @ DW_AT_frame_base
	.byte	93
	.long	.Linfo_string247                @ DW_AT_name
	.byte	2                               @ DW_AT_decl_file
	.byte	127                             @ DW_AT_decl_line
                                        @ DW_AT_prototyped
                                        @ DW_AT_external
	.byte	27                              @ Abbrev [27] 0xca4:0xe DW_TAG_formal_parameter
	.byte	2                               @ DW_AT_location
	.byte	145
	.byte	4
	.long	.Linfo_string273                @ DW_AT_name
	.byte	2                               @ DW_AT_decl_file
	.byte	127                             @ DW_AT_decl_line
	.long	1516                            @ DW_AT_type
	.byte	27                              @ Abbrev [27] 0xcb2:0xe DW_TAG_formal_parameter
	.byte	2                               @ DW_AT_location
	.byte	145
	.byte	3
	.long	.Linfo_string274                @ DW_AT_name
	.byte	2                               @ DW_AT_decl_file
	.byte	127                             @ DW_AT_decl_line
	.long	185                             @ DW_AT_type
	.byte	0                               @ End Of Children Mark
	.byte	26                              @ Abbrev [26] 0xcc1:0x2e DW_TAG_subprogram
	.long	.Lfunc_begin4                   @ DW_AT_low_pc
	.long	.Lfunc_end4-.Lfunc_begin4       @ DW_AT_high_pc
	.byte	1                               @ DW_AT_frame_base
	.byte	93
	.long	.Linfo_string248                @ DW_AT_name
	.byte	2                               @ DW_AT_decl_file
	.byte	136                             @ DW_AT_decl_line
                                        @ DW_AT_prototyped
                                        @ DW_AT_external
	.byte	27                              @ Abbrev [27] 0xcd2:0xe DW_TAG_formal_parameter
	.byte	2                               @ DW_AT_location
	.byte	145
	.byte	4
	.long	.Linfo_string273                @ DW_AT_name
	.byte	2                               @ DW_AT_decl_file
	.byte	136                             @ DW_AT_decl_line
	.long	1516                            @ DW_AT_type
	.byte	27                              @ Abbrev [27] 0xce0:0xe DW_TAG_formal_parameter
	.byte	2                               @ DW_AT_location
	.byte	145
	.byte	3
	.long	.Linfo_string274                @ DW_AT_name
	.byte	2                               @ DW_AT_decl_file
	.byte	136                             @ DW_AT_decl_line
	.long	185                             @ DW_AT_type
	.byte	0                               @ End Of Children Mark
	.byte	28                              @ Abbrev [28] 0xcef:0x11 DW_TAG_subprogram
	.long	.Lfunc_begin5                   @ DW_AT_low_pc
	.long	.Lfunc_end5-.Lfunc_begin5       @ DW_AT_high_pc
	.byte	1                               @ DW_AT_frame_base
	.byte	93
	.long	.Linfo_string249                @ DW_AT_name
	.byte	2                               @ DW_AT_decl_file
	.byte	146                             @ DW_AT_decl_line
                                        @ DW_AT_prototyped
                                        @ DW_AT_external
	.byte	26                              @ Abbrev [26] 0xd00:0x2e DW_TAG_subprogram
	.long	.Lfunc_begin6                   @ DW_AT_low_pc
	.long	.Lfunc_end6-.Lfunc_begin6       @ DW_AT_high_pc
	.byte	1                               @ DW_AT_frame_base
	.byte	93
	.long	.Linfo_string250                @ DW_AT_name
	.byte	2                               @ DW_AT_decl_file
	.byte	160                             @ DW_AT_decl_line
                                        @ DW_AT_prototyped
                                        @ DW_AT_external
	.byte	27                              @ Abbrev [27] 0xd11:0xe DW_TAG_formal_parameter
	.byte	2                               @ DW_AT_location
	.byte	145
	.byte	4
	.long	.Linfo_string273                @ DW_AT_name
	.byte	2                               @ DW_AT_decl_file
	.byte	160                             @ DW_AT_decl_line
	.long	1516                            @ DW_AT_type
	.byte	27                              @ Abbrev [27] 0xd1f:0xe DW_TAG_formal_parameter
	.byte	2                               @ DW_AT_location
	.byte	145
	.byte	3
	.long	.Linfo_string274                @ DW_AT_name
	.byte	2                               @ DW_AT_decl_file
	.byte	160                             @ DW_AT_decl_line
	.long	185                             @ DW_AT_type
	.byte	0                               @ End Of Children Mark
	.byte	26                              @ Abbrev [26] 0xd2e:0x2e DW_TAG_subprogram
	.long	.Lfunc_begin7                   @ DW_AT_low_pc
	.long	.Lfunc_end7-.Lfunc_begin7       @ DW_AT_high_pc
	.byte	1                               @ DW_AT_frame_base
	.byte	93
	.long	.Linfo_string251                @ DW_AT_name
	.byte	2                               @ DW_AT_decl_file
	.byte	165                             @ DW_AT_decl_line
                                        @ DW_AT_prototyped
                                        @ DW_AT_external
	.byte	27                              @ Abbrev [27] 0xd3f:0xe DW_TAG_formal_parameter
	.byte	2                               @ DW_AT_location
	.byte	145
	.byte	4
	.long	.Linfo_string273                @ DW_AT_name
	.byte	2                               @ DW_AT_decl_file
	.byte	165                             @ DW_AT_decl_line
	.long	1516                            @ DW_AT_type
	.byte	27                              @ Abbrev [27] 0xd4d:0xe DW_TAG_formal_parameter
	.byte	2                               @ DW_AT_location
	.byte	145
	.byte	3
	.long	.Linfo_string274                @ DW_AT_name
	.byte	2                               @ DW_AT_decl_file
	.byte	165                             @ DW_AT_decl_line
	.long	185                             @ DW_AT_type
	.byte	0                               @ End Of Children Mark
	.byte	26                              @ Abbrev [26] 0xd5c:0x2e DW_TAG_subprogram
	.long	.Lfunc_begin8                   @ DW_AT_low_pc
	.long	.Lfunc_end8-.Lfunc_begin8       @ DW_AT_high_pc
	.byte	1                               @ DW_AT_frame_base
	.byte	93
	.long	.Linfo_string252                @ DW_AT_name
	.byte	2                               @ DW_AT_decl_file
	.byte	170                             @ DW_AT_decl_line
                                        @ DW_AT_prototyped
                                        @ DW_AT_external
	.byte	27                              @ Abbrev [27] 0xd6d:0xe DW_TAG_formal_parameter
	.byte	2                               @ DW_AT_location
	.byte	145
	.byte	4
	.long	.Linfo_string273                @ DW_AT_name
	.byte	2                               @ DW_AT_decl_file
	.byte	170                             @ DW_AT_decl_line
	.long	1516                            @ DW_AT_type
	.byte	27                              @ Abbrev [27] 0xd7b:0xe DW_TAG_formal_parameter
	.byte	2                               @ DW_AT_location
	.byte	145
	.byte	3
	.long	.Linfo_string274                @ DW_AT_name
	.byte	2                               @ DW_AT_decl_file
	.byte	170                             @ DW_AT_decl_line
	.long	185                             @ DW_AT_type
	.byte	0                               @ End Of Children Mark
	.byte	28                              @ Abbrev [28] 0xd8a:0x11 DW_TAG_subprogram
	.long	.Lfunc_begin9                   @ DW_AT_low_pc
	.long	.Lfunc_end9-.Lfunc_begin9       @ DW_AT_high_pc
	.byte	1                               @ DW_AT_frame_base
	.byte	93
	.long	.Linfo_string253                @ DW_AT_name
	.byte	2                               @ DW_AT_decl_file
	.byte	175                             @ DW_AT_decl_line
                                        @ DW_AT_prototyped
                                        @ DW_AT_external
	.byte	28                              @ Abbrev [28] 0xd9b:0x11 DW_TAG_subprogram
	.long	.Lfunc_begin10                  @ DW_AT_low_pc
	.long	.Lfunc_end10-.Lfunc_begin10     @ DW_AT_high_pc
	.byte	1                               @ DW_AT_frame_base
	.byte	93
	.long	.Linfo_string254                @ DW_AT_name
	.byte	2                               @ DW_AT_decl_file
	.byte	199                             @ DW_AT_decl_line
                                        @ DW_AT_prototyped
                                        @ DW_AT_external
	.byte	28                              @ Abbrev [28] 0xdac:0x11 DW_TAG_subprogram
	.long	.Lfunc_begin11                  @ DW_AT_low_pc
	.long	.Lfunc_end11-.Lfunc_begin11     @ DW_AT_high_pc
	.byte	1                               @ DW_AT_frame_base
	.byte	93
	.long	.Linfo_string255                @ DW_AT_name
	.byte	2                               @ DW_AT_decl_file
	.byte	204                             @ DW_AT_decl_line
                                        @ DW_AT_prototyped
                                        @ DW_AT_external
	.byte	29                              @ Abbrev [29] 0xdbd:0x15 DW_TAG_subprogram
	.long	.Lfunc_begin12                  @ DW_AT_low_pc
	.long	.Lfunc_end12-.Lfunc_begin12     @ DW_AT_high_pc
	.byte	1                               @ DW_AT_frame_base
	.byte	93
	.long	.Linfo_string256                @ DW_AT_name
	.byte	2                               @ DW_AT_decl_file
	.byte	215                             @ DW_AT_decl_line
                                        @ DW_AT_prototyped
	.long	185                             @ DW_AT_type
                                        @ DW_AT_external
	.byte	28                              @ Abbrev [28] 0xdd2:0x11 DW_TAG_subprogram
	.long	.Lfunc_begin13                  @ DW_AT_low_pc
	.long	.Lfunc_end13-.Lfunc_begin13     @ DW_AT_high_pc
	.byte	1                               @ DW_AT_frame_base
	.byte	93
	.long	.Linfo_string257                @ DW_AT_name
	.byte	2                               @ DW_AT_decl_file
	.byte	227                             @ DW_AT_decl_line
                                        @ DW_AT_prototyped
                                        @ DW_AT_external
	.byte	2                               @ Abbrev [2] 0xde3:0x22 DW_TAG_subprogram
	.long	.Lfunc_begin14                  @ DW_AT_low_pc
	.long	.Lfunc_end14-.Lfunc_begin14     @ DW_AT_high_pc
	.byte	1                               @ DW_AT_frame_base
	.byte	93
	.long	.Linfo_string258                @ DW_AT_name
	.byte	2                               @ DW_AT_decl_file
	.short	262                             @ DW_AT_decl_line
                                        @ DW_AT_prototyped
                                        @ DW_AT_external
	.byte	30                              @ Abbrev [30] 0xdf5:0xf DW_TAG_formal_parameter
	.byte	2                               @ DW_AT_location
	.byte	145
	.byte	3
	.long	.Linfo_string275                @ DW_AT_name
	.byte	2                               @ DW_AT_decl_file
	.short	262                             @ DW_AT_decl_line
	.long	229                             @ DW_AT_type
	.byte	0                               @ End Of Children Mark
	.byte	2                               @ Abbrev [2] 0xe05:0x22 DW_TAG_subprogram
	.long	.Lfunc_begin15                  @ DW_AT_low_pc
	.long	.Lfunc_end15-.Lfunc_begin15     @ DW_AT_high_pc
	.byte	1                               @ DW_AT_frame_base
	.byte	93
	.long	.Linfo_string259                @ DW_AT_name
	.byte	2                               @ DW_AT_decl_file
	.short	270                             @ DW_AT_decl_line
                                        @ DW_AT_prototyped
                                        @ DW_AT_external
	.byte	30                              @ Abbrev [30] 0xe17:0xf DW_TAG_formal_parameter
	.byte	2                               @ DW_AT_location
	.byte	145
	.byte	4
	.long	.Linfo_string276                @ DW_AT_name
	.byte	2                               @ DW_AT_decl_file
	.short	270                             @ DW_AT_decl_line
	.long	4002                            @ DW_AT_type
	.byte	0                               @ End Of Children Mark
	.byte	31                              @ Abbrev [31] 0xe27:0x26 DW_TAG_subprogram
	.long	.Lfunc_begin16                  @ DW_AT_low_pc
	.long	.Lfunc_end16-.Lfunc_begin16     @ DW_AT_high_pc
	.byte	1                               @ DW_AT_frame_base
	.byte	93
	.long	.Linfo_string260                @ DW_AT_name
	.byte	2                               @ DW_AT_decl_file
	.short	278                             @ DW_AT_decl_line
                                        @ DW_AT_prototyped
	.long	185                             @ DW_AT_type
                                        @ DW_AT_external
	.byte	30                              @ Abbrev [30] 0xe3d:0xf DW_TAG_formal_parameter
	.byte	2                               @ DW_AT_location
	.byte	145
	.byte	0
	.long	.Linfo_string275                @ DW_AT_name
	.byte	2                               @ DW_AT_decl_file
	.short	278                             @ DW_AT_decl_line
	.long	4012                            @ DW_AT_type
	.byte	0                               @ End Of Children Mark
	.byte	32                              @ Abbrev [32] 0xe4d:0x12 DW_TAG_subprogram
	.long	.Lfunc_begin17                  @ DW_AT_low_pc
	.long	.Lfunc_end17-.Lfunc_begin17     @ DW_AT_high_pc
	.byte	1                               @ DW_AT_frame_base
	.byte	93
	.long	.Linfo_string261                @ DW_AT_name
	.byte	2                               @ DW_AT_decl_file
	.short	290                             @ DW_AT_decl_line
                                        @ DW_AT_prototyped
                                        @ DW_AT_external
	.byte	33                              @ Abbrev [33] 0xe5f:0x16 DW_TAG_subprogram
	.long	.Lfunc_begin18                  @ DW_AT_low_pc
	.long	.Lfunc_end18-.Lfunc_begin18     @ DW_AT_high_pc
	.byte	1                               @ DW_AT_frame_base
	.byte	93
	.long	.Linfo_string262                @ DW_AT_name
	.byte	2                               @ DW_AT_decl_file
	.short	327                             @ DW_AT_decl_line
                                        @ DW_AT_prototyped
	.long	2396                            @ DW_AT_type
                                        @ DW_AT_external
	.byte	31                              @ Abbrev [31] 0xe75:0x26 DW_TAG_subprogram
	.long	.Lfunc_begin19                  @ DW_AT_low_pc
	.long	.Lfunc_end19-.Lfunc_begin19     @ DW_AT_high_pc
	.byte	1                               @ DW_AT_frame_base
	.byte	93
	.long	.Linfo_string263                @ DW_AT_name
	.byte	2                               @ DW_AT_decl_file
	.short	343                             @ DW_AT_decl_line
                                        @ DW_AT_prototyped
	.long	421                             @ DW_AT_type
                                        @ DW_AT_external
	.byte	30                              @ Abbrev [30] 0xe8b:0xf DW_TAG_formal_parameter
	.byte	2                               @ DW_AT_location
	.byte	145
	.byte	2
	.long	.Linfo_string277                @ DW_AT_name
	.byte	2                               @ DW_AT_decl_file
	.short	343                             @ DW_AT_decl_line
	.long	2396                            @ DW_AT_type
	.byte	0                               @ End Of Children Mark
	.byte	32                              @ Abbrev [32] 0xe9b:0x12 DW_TAG_subprogram
	.long	.Lfunc_begin20                  @ DW_AT_low_pc
	.long	.Lfunc_end20-.Lfunc_begin20     @ DW_AT_high_pc
	.byte	1                               @ DW_AT_frame_base
	.byte	93
	.long	.Linfo_string264                @ DW_AT_name
	.byte	2                               @ DW_AT_decl_file
	.short	357                             @ DW_AT_decl_line
                                        @ DW_AT_prototyped
                                        @ DW_AT_external
	.byte	32                              @ Abbrev [32] 0xead:0x12 DW_TAG_subprogram
	.long	.Lfunc_begin21                  @ DW_AT_low_pc
	.long	.Lfunc_end21-.Lfunc_begin21     @ DW_AT_high_pc
	.byte	1                               @ DW_AT_frame_base
	.byte	93
	.long	.Linfo_string265                @ DW_AT_name
	.byte	2                               @ DW_AT_decl_file
	.short	402                             @ DW_AT_decl_line
                                        @ DW_AT_prototyped
                                        @ DW_AT_external
	.byte	32                              @ Abbrev [32] 0xebf:0x12 DW_TAG_subprogram
	.long	.Lfunc_begin22                  @ DW_AT_low_pc
	.long	.Lfunc_end22-.Lfunc_begin22     @ DW_AT_high_pc
	.byte	1                               @ DW_AT_frame_base
	.byte	93
	.long	.Linfo_string266                @ DW_AT_name
	.byte	2                               @ DW_AT_decl_file
	.short	422                             @ DW_AT_decl_line
                                        @ DW_AT_prototyped
                                        @ DW_AT_external
	.byte	2                               @ Abbrev [2] 0xed1:0x4a DW_TAG_subprogram
	.long	.Lfunc_begin24                  @ DW_AT_low_pc
	.long	.Lfunc_end24-.Lfunc_begin24     @ DW_AT_high_pc
	.byte	1                               @ DW_AT_frame_base
	.byte	93
	.long	.Linfo_string268                @ DW_AT_name
	.byte	2                               @ DW_AT_decl_file
	.short	499                             @ DW_AT_decl_line
                                        @ DW_AT_prototyped
                                        @ DW_AT_external
	.byte	4                               @ Abbrev [4] 0xee3:0xf DW_TAG_variable
	.byte	2                               @ DW_AT_location
	.byte	145
	.byte	16
	.long	.Linfo_string284                @ DW_AT_name
	.byte	2                               @ DW_AT_decl_file
	.short	501                             @ DW_AT_decl_line
	.long	217                             @ DW_AT_type
	.byte	4                               @ Abbrev [4] 0xef2:0xf DW_TAG_variable
	.byte	2                               @ DW_AT_location
	.byte	145
	.byte	15
	.long	.Linfo_string285                @ DW_AT_name
	.byte	2                               @ DW_AT_decl_file
	.short	502                             @ DW_AT_decl_line
	.long	185                             @ DW_AT_type
	.byte	5                               @ Abbrev [5] 0xf01:0x19 DW_TAG_lexical_block
	.long	.Ltmp112                        @ DW_AT_low_pc
	.long	.Ltmp117-.Ltmp112               @ DW_AT_high_pc
	.byte	4                               @ Abbrev [4] 0xf0a:0xf DW_TAG_variable
	.byte	2                               @ DW_AT_location
	.byte	145
	.byte	14
	.long	.Linfo_string286                @ DW_AT_name
	.byte	2                               @ DW_AT_decl_file
	.short	521                             @ DW_AT_decl_line
	.long	185                             @ DW_AT_type
	.byte	0                               @ End Of Children Mark
	.byte	0                               @ End Of Children Mark
	.byte	31                              @ Abbrev [31] 0xf1b:0x30 DW_TAG_subprogram
	.long	.Lfunc_begin25                  @ DW_AT_low_pc
	.long	.Lfunc_end25-.Lfunc_begin25     @ DW_AT_high_pc
	.byte	1                               @ DW_AT_frame_base
	.byte	93
	.long	.Linfo_string269                @ DW_AT_name
	.byte	2                               @ DW_AT_decl_file
	.short	533                             @ DW_AT_decl_line
                                        @ DW_AT_prototyped
	.long	1058                            @ DW_AT_type
                                        @ DW_AT_external
	.byte	5                               @ Abbrev [5] 0xf31:0x19 DW_TAG_lexical_block
	.long	.Ltmp120                        @ DW_AT_low_pc
	.long	.Ltmp124-.Ltmp120               @ DW_AT_high_pc
	.byte	4                               @ Abbrev [4] 0xf3a:0xf DW_TAG_variable
	.byte	2                               @ DW_AT_location
	.byte	145
	.byte	10
	.long	.Linfo_string287                @ DW_AT_name
	.byte	2                               @ DW_AT_decl_file
	.short	550                             @ DW_AT_decl_line
	.long	2396                            @ DW_AT_type
	.byte	0                               @ End Of Children Mark
	.byte	0                               @ End Of Children Mark
	.byte	34                              @ Abbrev [34] 0xf4b:0x26 DW_TAG_subprogram
	.long	.Lfunc_begin26                  @ DW_AT_low_pc
	.long	.Lfunc_end26-.Lfunc_begin26     @ DW_AT_high_pc
	.byte	1                               @ DW_AT_frame_base
	.byte	93
	.long	.Linfo_string270                @ DW_AT_name
	.byte	4                               @ DW_AT_decl_file
	.short	2022                            @ DW_AT_decl_line
                                        @ DW_AT_prototyped
	.long	364                             @ DW_AT_type
	.byte	30                              @ Abbrev [30] 0xf61:0xf DW_TAG_formal_parameter
	.byte	2                               @ DW_AT_location
	.byte	145
	.byte	0
	.long	.Linfo_string288                @ DW_AT_name
	.byte	4                               @ DW_AT_decl_file
	.short	2022                            @ DW_AT_decl_line
	.long	364                             @ DW_AT_type
	.byte	0                               @ End Of Children Mark
	.byte	35                              @ Abbrev [35] 0xf71:0x31 DW_TAG_subprogram
	.long	.Lfunc_begin27                  @ DW_AT_low_pc
	.long	.Lfunc_end27-.Lfunc_begin27     @ DW_AT_high_pc
	.byte	1                               @ DW_AT_frame_base
	.byte	93
	.long	.Linfo_string271                @ DW_AT_name
	.byte	4                               @ DW_AT_decl_file
	.short	1814                            @ DW_AT_decl_line
                                        @ DW_AT_prototyped
	.byte	30                              @ Abbrev [30] 0xf83:0xf DW_TAG_formal_parameter
	.byte	2                               @ DW_AT_location
	.byte	145
	.byte	4
	.long	.Linfo_string289                @ DW_AT_name
	.byte	4                               @ DW_AT_decl_file
	.short	1814                            @ DW_AT_decl_line
	.long	4017                            @ DW_AT_type
	.byte	30                              @ Abbrev [30] 0xf92:0xf DW_TAG_formal_parameter
	.byte	2                               @ DW_AT_location
	.byte	145
	.byte	0
	.long	.Linfo_string291                @ DW_AT_name
	.byte	4                               @ DW_AT_decl_file
	.short	1814                            @ DW_AT_decl_line
	.long	364                             @ DW_AT_type
	.byte	0                               @ End Of Children Mark
	.byte	16                              @ Abbrev [16] 0xfa2:0x5 DW_TAG_pointer_type
	.long	4007                            @ DW_AT_type
	.byte	22                              @ Abbrev [22] 0xfa7:0x5 DW_TAG_const_type
	.long	229                             @ DW_AT_type
	.byte	16                              @ Abbrev [16] 0xfac:0x5 DW_TAG_pointer_type
	.long	229                             @ DW_AT_type
	.byte	6                               @ Abbrev [6] 0xfb1:0xb DW_TAG_typedef
	.long	428                             @ DW_AT_type
	.long	.Linfo_string290                @ DW_AT_name
	.byte	3                               @ DW_AT_decl_file
	.byte	188                             @ DW_AT_decl_line
	.byte	0                               @ End Of Children Mark
.Ldebug_info_end0:
	.section	.debug_str,"MS",%progbits,1
.Linfo_string0:
	.asciz	"Component: Arm Compiler for Embedded 6.24 Tool: armclang [5f371800]" @ string offset=0
.Linfo_string1:
	.asciz	"src\\main.c"                   @ string offset=68
.Linfo_string2:
	.asciz	"C:\\Users\\bhuva\\OneDrive - RMIT University\\Year 4\\Sem 1\\Embedded-System-Design\\Embedded-System-Design-Project" @ string offset=79
.Linfo_string3:
	.asciz	"waitingForControlByte"         @ string offset=188
.Linfo_string4:
	.asciz	"unsigned char"                 @ string offset=210
.Linfo_string5:
	.asciz	"uint8_t"                       @ string offset=224
.Linfo_string6:
	.asciz	"char"                          @ string offset=232
.Linfo_string7:
	.asciz	"__ARRAY_SIZE_TYPE__"           @ string offset=237
.Linfo_string8:
	.asciz	"lightOutput"                   @ string offset=257
.Linfo_string9:
	.asciz	"heaterOutput"                  @ string offset=269
.Linfo_string10:
	.asciz	"coolingOutput"                 @ string offset=282
.Linfo_string11:
	.asciz	"fanOutput"                     @ string offset=296
.Linfo_string12:
	.asciz	"msTicks"                       @ string offset=306
.Linfo_string13:
	.asciz	"unsigned int"                  @ string offset=314
.Linfo_string14:
	.asciz	"uint32_t"                      @ string offset=327
.Linfo_string15:
	.asciz	"uartClimateOverrideUntil"      @ string offset=336
.Linfo_string16:
	.asciz	"currentTemperature"            @ string offset=361
.Linfo_string17:
	.asciz	"float"                         @ string offset=380
.Linfo_string18:
	.asciz	"int"                           @ string offset=386
.Linfo_string19:
	.asciz	"NonMaskableInt_IRQn"           @ string offset=390
.Linfo_string20:
	.asciz	"MemoryManagement_IRQn"         @ string offset=410
.Linfo_string21:
	.asciz	"BusFault_IRQn"                 @ string offset=432
.Linfo_string22:
	.asciz	"UsageFault_IRQn"               @ string offset=446
.Linfo_string23:
	.asciz	"SVCall_IRQn"                   @ string offset=462
.Linfo_string24:
	.asciz	"DebugMonitor_IRQn"             @ string offset=474
.Linfo_string25:
	.asciz	"PendSV_IRQn"                   @ string offset=492
.Linfo_string26:
	.asciz	"SysTick_IRQn"                  @ string offset=504
.Linfo_string27:
	.asciz	"WWDG_IRQn"                     @ string offset=517
.Linfo_string28:
	.asciz	"PVD_IRQn"                      @ string offset=527
.Linfo_string29:
	.asciz	"TAMP_STAMP_IRQn"               @ string offset=536
.Linfo_string30:
	.asciz	"RTC_WKUP_IRQn"                 @ string offset=552
.Linfo_string31:
	.asciz	"FLASH_IRQn"                    @ string offset=566
.Linfo_string32:
	.asciz	"RCC_IRQn"                      @ string offset=577
.Linfo_string33:
	.asciz	"EXTI0_IRQn"                    @ string offset=586
.Linfo_string34:
	.asciz	"EXTI1_IRQn"                    @ string offset=597
.Linfo_string35:
	.asciz	"EXTI2_IRQn"                    @ string offset=608
.Linfo_string36:
	.asciz	"EXTI3_IRQn"                    @ string offset=619
.Linfo_string37:
	.asciz	"EXTI4_IRQn"                    @ string offset=630
.Linfo_string38:
	.asciz	"DMA1_Stream0_IRQn"             @ string offset=641
.Linfo_string39:
	.asciz	"DMA1_Stream1_IRQn"             @ string offset=659
.Linfo_string40:
	.asciz	"DMA1_Stream2_IRQn"             @ string offset=677
.Linfo_string41:
	.asciz	"DMA1_Stream3_IRQn"             @ string offset=695
.Linfo_string42:
	.asciz	"DMA1_Stream4_IRQn"             @ string offset=713
.Linfo_string43:
	.asciz	"DMA1_Stream5_IRQn"             @ string offset=731
.Linfo_string44:
	.asciz	"DMA1_Stream6_IRQn"             @ string offset=749
.Linfo_string45:
	.asciz	"ADC_IRQn"                      @ string offset=767
.Linfo_string46:
	.asciz	"CAN1_TX_IRQn"                  @ string offset=776
.Linfo_string47:
	.asciz	"CAN1_RX0_IRQn"                 @ string offset=789
.Linfo_string48:
	.asciz	"CAN1_RX1_IRQn"                 @ string offset=803
.Linfo_string49:
	.asciz	"CAN1_SCE_IRQn"                 @ string offset=817
.Linfo_string50:
	.asciz	"EXTI9_5_IRQn"                  @ string offset=831
.Linfo_string51:
	.asciz	"TIM1_BRK_TIM9_IRQn"            @ string offset=844
.Linfo_string52:
	.asciz	"TIM1_UP_TIM10_IRQn"            @ string offset=863
.Linfo_string53:
	.asciz	"TIM1_TRG_COM_TIM11_IRQn"       @ string offset=882
.Linfo_string54:
	.asciz	"TIM1_CC_IRQn"                  @ string offset=906
.Linfo_string55:
	.asciz	"TIM2_IRQn"                     @ string offset=919
.Linfo_string56:
	.asciz	"TIM3_IRQn"                     @ string offset=929
.Linfo_string57:
	.asciz	"TIM4_IRQn"                     @ string offset=939
.Linfo_string58:
	.asciz	"I2C1_EV_IRQn"                  @ string offset=949
.Linfo_string59:
	.asciz	"I2C1_ER_IRQn"                  @ string offset=962
.Linfo_string60:
	.asciz	"I2C2_EV_IRQn"                  @ string offset=975
.Linfo_string61:
	.asciz	"I2C2_ER_IRQn"                  @ string offset=988
.Linfo_string62:
	.asciz	"SPI1_IRQn"                     @ string offset=1001
.Linfo_string63:
	.asciz	"SPI2_IRQn"                     @ string offset=1011
.Linfo_string64:
	.asciz	"USART1_IRQn"                   @ string offset=1021
.Linfo_string65:
	.asciz	"USART2_IRQn"                   @ string offset=1033
.Linfo_string66:
	.asciz	"USART3_IRQn"                   @ string offset=1045
.Linfo_string67:
	.asciz	"EXTI15_10_IRQn"                @ string offset=1057
.Linfo_string68:
	.asciz	"RTC_Alarm_IRQn"                @ string offset=1072
.Linfo_string69:
	.asciz	"OTG_FS_WKUP_IRQn"              @ string offset=1087
.Linfo_string70:
	.asciz	"TIM8_BRK_TIM12_IRQn"           @ string offset=1104
.Linfo_string71:
	.asciz	"TIM8_UP_TIM13_IRQn"            @ string offset=1124
.Linfo_string72:
	.asciz	"TIM8_TRG_COM_TIM14_IRQn"       @ string offset=1143
.Linfo_string73:
	.asciz	"TIM8_CC_IRQn"                  @ string offset=1167
.Linfo_string74:
	.asciz	"DMA1_Stream7_IRQn"             @ string offset=1180
.Linfo_string75:
	.asciz	"FMC_IRQn"                      @ string offset=1198
.Linfo_string76:
	.asciz	"SDIO_IRQn"                     @ string offset=1207
.Linfo_string77:
	.asciz	"TIM5_IRQn"                     @ string offset=1217
.Linfo_string78:
	.asciz	"SPI3_IRQn"                     @ string offset=1227
.Linfo_string79:
	.asciz	"UART4_IRQn"                    @ string offset=1237
.Linfo_string80:
	.asciz	"UART5_IRQn"                    @ string offset=1248
.Linfo_string81:
	.asciz	"TIM6_DAC_IRQn"                 @ string offset=1259
.Linfo_string82:
	.asciz	"TIM7_IRQn"                     @ string offset=1273
.Linfo_string83:
	.asciz	"DMA2_Stream0_IRQn"             @ string offset=1283
.Linfo_string84:
	.asciz	"DMA2_Stream1_IRQn"             @ string offset=1301
.Linfo_string85:
	.asciz	"DMA2_Stream2_IRQn"             @ string offset=1319
.Linfo_string86:
	.asciz	"DMA2_Stream3_IRQn"             @ string offset=1337
.Linfo_string87:
	.asciz	"DMA2_Stream4_IRQn"             @ string offset=1355
.Linfo_string88:
	.asciz	"ETH_IRQn"                      @ string offset=1373
.Linfo_string89:
	.asciz	"ETH_WKUP_IRQn"                 @ string offset=1382
.Linfo_string90:
	.asciz	"CAN2_TX_IRQn"                  @ string offset=1396
.Linfo_string91:
	.asciz	"CAN2_RX0_IRQn"                 @ string offset=1409
.Linfo_string92:
	.asciz	"CAN2_RX1_IRQn"                 @ string offset=1423
.Linfo_string93:
	.asciz	"CAN2_SCE_IRQn"                 @ string offset=1437
.Linfo_string94:
	.asciz	"OTG_FS_IRQn"                   @ string offset=1451
.Linfo_string95:
	.asciz	"DMA2_Stream5_IRQn"             @ string offset=1463
.Linfo_string96:
	.asciz	"DMA2_Stream6_IRQn"             @ string offset=1481
.Linfo_string97:
	.asciz	"DMA2_Stream7_IRQn"             @ string offset=1499
.Linfo_string98:
	.asciz	"USART6_IRQn"                   @ string offset=1517
.Linfo_string99:
	.asciz	"I2C3_EV_IRQn"                  @ string offset=1529
.Linfo_string100:
	.asciz	"I2C3_ER_IRQn"                  @ string offset=1542
.Linfo_string101:
	.asciz	"OTG_HS_EP1_OUT_IRQn"           @ string offset=1555
.Linfo_string102:
	.asciz	"OTG_HS_EP1_IN_IRQn"            @ string offset=1575
.Linfo_string103:
	.asciz	"OTG_HS_WKUP_IRQn"              @ string offset=1594
.Linfo_string104:
	.asciz	"OTG_HS_IRQn"                   @ string offset=1611
.Linfo_string105:
	.asciz	"DCMI_IRQn"                     @ string offset=1623
.Linfo_string106:
	.asciz	"CRYP_IRQn"                     @ string offset=1633
.Linfo_string107:
	.asciz	"HASH_RNG_IRQn"                 @ string offset=1643
.Linfo_string108:
	.asciz	"FPU_IRQn"                      @ string offset=1657
.Linfo_string109:
	.asciz	"UART7_IRQn"                    @ string offset=1666
.Linfo_string110:
	.asciz	"UART8_IRQn"                    @ string offset=1677
.Linfo_string111:
	.asciz	"SPI4_IRQn"                     @ string offset=1688
.Linfo_string112:
	.asciz	"SPI5_IRQn"                     @ string offset=1698
.Linfo_string113:
	.asciz	"SPI6_IRQn"                     @ string offset=1708
.Linfo_string114:
	.asciz	"SAI1_IRQn"                     @ string offset=1718
.Linfo_string115:
	.asciz	"LTDC_IRQn"                     @ string offset=1728
.Linfo_string116:
	.asciz	"LTDC_ER_IRQn"                  @ string offset=1738
.Linfo_string117:
	.asciz	"DMA2D_IRQn"                    @ string offset=1751
.Linfo_string118:
	.asciz	"CR"                            @ string offset=1762
.Linfo_string119:
	.asciz	"PLLCFGR"                       @ string offset=1765
.Linfo_string120:
	.asciz	"CFGR"                          @ string offset=1773
.Linfo_string121:
	.asciz	"CIR"                           @ string offset=1778
.Linfo_string122:
	.asciz	"AHB1RSTR"                      @ string offset=1782
.Linfo_string123:
	.asciz	"AHB2RSTR"                      @ string offset=1791
.Linfo_string124:
	.asciz	"AHB3RSTR"                      @ string offset=1800
.Linfo_string125:
	.asciz	"RESERVED0"                     @ string offset=1809
.Linfo_string126:
	.asciz	"APB1RSTR"                      @ string offset=1819
.Linfo_string127:
	.asciz	"APB2RSTR"                      @ string offset=1828
.Linfo_string128:
	.asciz	"RESERVED1"                     @ string offset=1837
.Linfo_string129:
	.asciz	"AHB1ENR"                       @ string offset=1847
.Linfo_string130:
	.asciz	"AHB2ENR"                       @ string offset=1855
.Linfo_string131:
	.asciz	"AHB3ENR"                       @ string offset=1863
.Linfo_string132:
	.asciz	"RESERVED2"                     @ string offset=1871
.Linfo_string133:
	.asciz	"APB1ENR"                       @ string offset=1881
.Linfo_string134:
	.asciz	"APB2ENR"                       @ string offset=1889
.Linfo_string135:
	.asciz	"RESERVED3"                     @ string offset=1897
.Linfo_string136:
	.asciz	"AHB1LPENR"                     @ string offset=1907
.Linfo_string137:
	.asciz	"AHB2LPENR"                     @ string offset=1917
.Linfo_string138:
	.asciz	"AHB3LPENR"                     @ string offset=1927
.Linfo_string139:
	.asciz	"RESERVED4"                     @ string offset=1937
.Linfo_string140:
	.asciz	"APB1LPENR"                     @ string offset=1947
.Linfo_string141:
	.asciz	"APB2LPENR"                     @ string offset=1957
.Linfo_string142:
	.asciz	"RESERVED5"                     @ string offset=1967
.Linfo_string143:
	.asciz	"BDCR"                          @ string offset=1977
.Linfo_string144:
	.asciz	"CSR"                           @ string offset=1982
.Linfo_string145:
	.asciz	"RESERVED6"                     @ string offset=1986
.Linfo_string146:
	.asciz	"SSCGR"                         @ string offset=1996
.Linfo_string147:
	.asciz	"PLLI2SCFGR"                    @ string offset=2002
.Linfo_string148:
	.asciz	"PLLSAICFGR"                    @ string offset=2013
.Linfo_string149:
	.asciz	"DCKCFGR"                       @ string offset=2024
.Linfo_string150:
	.asciz	"RCC_TypeDef"                   @ string offset=2032
.Linfo_string151:
	.asciz	"MODER"                         @ string offset=2044
.Linfo_string152:
	.asciz	"OTYPER"                        @ string offset=2050
.Linfo_string153:
	.asciz	"OSPEEDR"                       @ string offset=2057
.Linfo_string154:
	.asciz	"PUPDR"                         @ string offset=2065
.Linfo_string155:
	.asciz	"IDR"                           @ string offset=2071
.Linfo_string156:
	.asciz	"ODR"                           @ string offset=2075
.Linfo_string157:
	.asciz	"BSRR"                          @ string offset=2079
.Linfo_string158:
	.asciz	"LCKR"                          @ string offset=2084
.Linfo_string159:
	.asciz	"AFR"                           @ string offset=2089
.Linfo_string160:
	.asciz	"GPIO_TypeDef"                  @ string offset=2093
.Linfo_string161:
	.asciz	"CR1"                           @ string offset=2106
.Linfo_string162:
	.asciz	"CR2"                           @ string offset=2110
.Linfo_string163:
	.asciz	"SMCR"                          @ string offset=2114
.Linfo_string164:
	.asciz	"DIER"                          @ string offset=2119
.Linfo_string165:
	.asciz	"SR"                            @ string offset=2124
.Linfo_string166:
	.asciz	"EGR"                           @ string offset=2127
.Linfo_string167:
	.asciz	"CCMR1"                         @ string offset=2131
.Linfo_string168:
	.asciz	"CCMR2"                         @ string offset=2137
.Linfo_string169:
	.asciz	"CCER"                          @ string offset=2143
.Linfo_string170:
	.asciz	"CNT"                           @ string offset=2148
.Linfo_string171:
	.asciz	"PSC"                           @ string offset=2152
.Linfo_string172:
	.asciz	"ARR"                           @ string offset=2156
.Linfo_string173:
	.asciz	"RCR"                           @ string offset=2160
.Linfo_string174:
	.asciz	"CCR1"                          @ string offset=2164
.Linfo_string175:
	.asciz	"CCR2"                          @ string offset=2169
.Linfo_string176:
	.asciz	"CCR3"                          @ string offset=2174
.Linfo_string177:
	.asciz	"CCR4"                          @ string offset=2179
.Linfo_string178:
	.asciz	"BDTR"                          @ string offset=2184
.Linfo_string179:
	.asciz	"DCR"                           @ string offset=2189
.Linfo_string180:
	.asciz	"DMAR"                          @ string offset=2193
.Linfo_string181:
	.asciz	"OR"                            @ string offset=2198
.Linfo_string182:
	.asciz	"TIM_TypeDef"                   @ string offset=2201
.Linfo_string183:
	.asciz	"DR"                            @ string offset=2213
.Linfo_string184:
	.asciz	"BRR"                           @ string offset=2216
.Linfo_string185:
	.asciz	"CR3"                           @ string offset=2220
.Linfo_string186:
	.asciz	"GTPR"                          @ string offset=2224
.Linfo_string187:
	.asciz	"USART_TypeDef"                 @ string offset=2229
.Linfo_string188:
	.asciz	"CCR"                           @ string offset=2243
.Linfo_string189:
	.asciz	"CDR"                           @ string offset=2247
.Linfo_string190:
	.asciz	"ADC_Common_TypeDef"            @ string offset=2251
.Linfo_string191:
	.asciz	"SMPR1"                         @ string offset=2270
.Linfo_string192:
	.asciz	"SMPR2"                         @ string offset=2276
.Linfo_string193:
	.asciz	"JOFR1"                         @ string offset=2282
.Linfo_string194:
	.asciz	"JOFR2"                         @ string offset=2288
.Linfo_string195:
	.asciz	"JOFR3"                         @ string offset=2294
.Linfo_string196:
	.asciz	"JOFR4"                         @ string offset=2300
.Linfo_string197:
	.asciz	"HTR"                           @ string offset=2306
.Linfo_string198:
	.asciz	"LTR"                           @ string offset=2310
.Linfo_string199:
	.asciz	"SQR1"                          @ string offset=2314
.Linfo_string200:
	.asciz	"SQR2"                          @ string offset=2319
.Linfo_string201:
	.asciz	"SQR3"                          @ string offset=2324
.Linfo_string202:
	.asciz	"JSQR"                          @ string offset=2329
.Linfo_string203:
	.asciz	"JDR1"                          @ string offset=2334
.Linfo_string204:
	.asciz	"JDR2"                          @ string offset=2339
.Linfo_string205:
	.asciz	"JDR3"                          @ string offset=2344
.Linfo_string206:
	.asciz	"JDR4"                          @ string offset=2349
.Linfo_string207:
	.asciz	"ADC_TypeDef"                   @ string offset=2354
.Linfo_string208:
	.asciz	"unsigned short"                @ string offset=2366
.Linfo_string209:
	.asciz	"uint16_t"                      @ string offset=2381
.Linfo_string210:
	.asciz	"CTRL"                          @ string offset=2390
.Linfo_string211:
	.asciz	"LOAD"                          @ string offset=2395
.Linfo_string212:
	.asciz	"VAL"                           @ string offset=2400
.Linfo_string213:
	.asciz	"CALIB"                         @ string offset=2404
.Linfo_string214:
	.asciz	"SysTick_Type"                  @ string offset=2410
.Linfo_string215:
	.asciz	"int32_t"                       @ string offset=2423
.Linfo_string216:
	.asciz	"ISER"                          @ string offset=2431
.Linfo_string217:
	.asciz	"ICER"                          @ string offset=2436
.Linfo_string218:
	.asciz	"ISPR"                          @ string offset=2441
.Linfo_string219:
	.asciz	"ICPR"                          @ string offset=2446
.Linfo_string220:
	.asciz	"IABR"                          @ string offset=2451
.Linfo_string221:
	.asciz	"IP"                            @ string offset=2456
.Linfo_string222:
	.asciz	"STIR"                          @ string offset=2459
.Linfo_string223:
	.asciz	"NVIC_Type"                     @ string offset=2464
.Linfo_string224:
	.asciz	"CPUID"                         @ string offset=2474
.Linfo_string225:
	.asciz	"ICSR"                          @ string offset=2480
.Linfo_string226:
	.asciz	"VTOR"                          @ string offset=2485
.Linfo_string227:
	.asciz	"AIRCR"                         @ string offset=2490
.Linfo_string228:
	.asciz	"SCR"                           @ string offset=2496
.Linfo_string229:
	.asciz	"SHP"                           @ string offset=2500
.Linfo_string230:
	.asciz	"SHCSR"                         @ string offset=2504
.Linfo_string231:
	.asciz	"CFSR"                          @ string offset=2510
.Linfo_string232:
	.asciz	"HFSR"                          @ string offset=2515
.Linfo_string233:
	.asciz	"DFSR"                          @ string offset=2520
.Linfo_string234:
	.asciz	"MMFAR"                         @ string offset=2525
.Linfo_string235:
	.asciz	"BFAR"                          @ string offset=2531
.Linfo_string236:
	.asciz	"AFSR"                          @ string offset=2536
.Linfo_string237:
	.asciz	"PFR"                           @ string offset=2541
.Linfo_string238:
	.asciz	"DFR"                           @ string offset=2545
.Linfo_string239:
	.asciz	"ADR"                           @ string offset=2549
.Linfo_string240:
	.asciz	"MMFR"                          @ string offset=2553
.Linfo_string241:
	.asciz	"ISAR"                          @ string offset=2558
.Linfo_string242:
	.asciz	"CPACR"                         @ string offset=2563
.Linfo_string243:
	.asciz	"SCB_Type"                      @ string offset=2569
.Linfo_string244:
	.asciz	"delayCycles"                   @ string offset=2578
.Linfo_string245:
	.asciz	"RCC_init"                      @ string offset=2590
.Linfo_string246:
	.asciz	"initOutputPin"                 @ string offset=2599
.Linfo_string247:
	.asciz	"initInputPin"                  @ string offset=2613
.Linfo_string248:
	.asciz	"initAnalogPin"                 @ string offset=2626
.Linfo_string249:
	.asciz	"GPIO_init"                     @ string offset=2640
.Linfo_string250:
	.asciz	"outputOn"                      @ string offset=2650
.Linfo_string251:
	.asciz	"outputOff"                     @ string offset=2659
.Linfo_string252:
	.asciz	"ledToggle"                     @ string offset=2669
.Linfo_string253:
	.asciz	"updateOutputs"                 @ string offset=2679
.Linfo_string254:
	.asciz	"TIM6_stop"                     @ string offset=2693
.Linfo_string255:
	.asciz	"TIM6_initForStatusLogging"     @ string offset=2703
.Linfo_string256:
	.asciz	"TIM6_has4SecondsPassed"        @ string offset=2729
.Linfo_string257:
	.asciz	"USART3_init"                   @ string offset=2752
.Linfo_string258:
	.asciz	"USART3_writeChar"              @ string offset=2764
.Linfo_string259:
	.asciz	"USART3_writeString"            @ string offset=2781
.Linfo_string260:
	.asciz	"USART3_readCharNonBlocking"    @ string offset=2800
.Linfo_string261:
	.asciz	"ADC_init"                      @ string offset=2827
.Linfo_string262:
	.asciz	"ADC_readTemperatureRaw"        @ string offset=2836
.Linfo_string263:
	.asciz	"convertAdcToTemperature"       @ string offset=2859
.Linfo_string264:
	.asciz	"processTemperatureControl"     @ string offset=2883
.Linfo_string265:
	.asciz	"processSwitches"               @ string offset=2909
.Linfo_string266:
	.asciz	"SysTick_Handler"               @ string offset=2925
.Linfo_string267:
	.asciz	"processUartReceive"            @ string offset=2941
.Linfo_string268:
	.asciz	"sendHmsStatus"                 @ string offset=2960
.Linfo_string269:
	.asciz	"main"                          @ string offset=2974
.Linfo_string270:
	.asciz	"SysTick_Config"                @ string offset=2979
.Linfo_string271:
	.asciz	"__NVIC_SetPriority"            @ string offset=2994
.Linfo_string272:
	.asciz	"count"                         @ string offset=3013
.Linfo_string273:
	.asciz	"port"                          @ string offset=3019
.Linfo_string274:
	.asciz	"pin"                           @ string offset=3024
.Linfo_string275:
	.asciz	"c"                             @ string offset=3028
.Linfo_string276:
	.asciz	"s"                             @ string offset=3030
.Linfo_string277:
	.asciz	"adcValue"                      @ string offset=3032
.Linfo_string278:
	.asciz	"rxChar"                        @ string offset=3041
.Linfo_string279:
	.asciz	"rxByte"                        @ string offset=3048
.Linfo_string280:
	.asciz	"uartLight"                     @ string offset=3055
.Linfo_string281:
	.asciz	"uartHeater"                    @ string offset=3065
.Linfo_string282:
	.asciz	"uartCooling"                   @ string offset=3076
.Linfo_string283:
	.asciz	"uartFan"                       @ string offset=3088
.Linfo_string284:
	.asciz	"tempString"                    @ string offset=3096
.Linfo_string285:
	.asciz	"statusByte"                    @ string offset=3107
.Linfo_string286:
	.asciz	"i"                             @ string offset=3118
.Linfo_string287:
	.asciz	"adcRaw"                        @ string offset=3120
.Linfo_string288:
	.asciz	"ticks"                         @ string offset=3127
.Linfo_string289:
	.asciz	"IRQn"                          @ string offset=3133
.Linfo_string290:
	.asciz	"IRQn_Type"                     @ string offset=3138
.Linfo_string291:
	.asciz	"priority"                      @ string offset=3148
	.ident	"Component: Arm Compiler for Embedded 6.24 Tool: armclang [5f371800]"
	.section	".note.GNU-stack","",%progbits
	.eabi_attribute	30, 6	@ Tag_ABI_optimization_goals
	.ARM_attribute	16, 1	@ Tag_AV_eba
	.section	.debug_line,"",%progbits
.Lline_table_start0:
